{
  "exp_dir": "C:\\Users\\rodrigo.miranda\\UFSM (rodrigo.miranda@acad.ufsm.br)\\Doutorado\\IA\\1-Data\\Dataraw\\FULLSQUARE_ORGANIZED_2026\\dist_1.5m\\curr_500mA\\full_square_1.5m_500mA_001_20260210_183335",
  "dist_m": 1.5,
  "curr_mA": 500.0,
  "regime_id": "dist_1p5m__curr_500mA",
  "n_samples": 899511,
  "skip_samples": 100000,
  "lag_samples": 489,
  "phase_rad": -1.7972404956817627,
  "p_tx": 0.6661744713783264,
  "p_rx_raw": 0.004481508396565914,
  "p_rx_sync": 0.00448164576664567,
  "p_rx_norm": 0.08433627337217331,
  "factor_ref": 4.337989361460874,
  "jb_p_real_residual": 2.8955127260289126e-108,
  "jb_p_imag_residual": 2.546710407969643e-105,
  "evm_pct": 69.991378,
  "evm_dB": -3.099109,
  "snr_dB": 3.099109,
  "noise_power": 0.3263450861,
  "var_I": 0.1627294664,
  "var_Q": 0.1626093874,
  "log_var_I": -1.815666,
  "log_var_Q": -1.816404,
  "skew_I": -0.003141,
  "skew_Q": 0.003141,
  "kurt_excess_I": -1.088099,
  "kurt_excess_Q": -1.085804,
  "gain_dB": -8.975736
}