{
  "exp_dir": "C:\\Users\\rodrigo.miranda\\UFSM (rodrigo.miranda@acad.ufsm.br)\\Doutorado\\IA\\1-Data\\Dataraw\\FULL_CIRCLE_ORGANIZED_2026\\dist_1.0m\\curr_800mA\\full_circle_1m_800mA_001_20260415_151535",
  "dataset_mode": "full_circle",
  "dist_m": 1.0,
  "curr_mA": 800.0,
  "regime_id": "dist_1p0m__curr_800mA",
  "n_samples": 900000,
  "skip_samples": 100000,
  "lag_samples": 434,
  "phase_rad": 0.3785112798213959,
  "p_tx": 0.6667115092277527,
  "p_rx_raw": 0.017294852063059807,
  "p_rx_sync": 0.01729417033493519,
  "p_rx_norm": 0.18140386044979095,
  "factor_ref": 3.2387198587481496,
  "evm_pct": 50.46577081239606,
  "evm_dB": -5.940061779230891,
  "snr_dB": 5.940061779230893,
  "noise_power": 0.16979768872261047,
  "var_I": 0.0847331163185388,
  "var_Q": 0.08446261627350153,
  "log_var_I": -2.4682487700483837,
  "log_var_Q": -2.471446253476092,
  "skew_I": -0.00035476820977319815,
  "skew_Q": -0.002625370013012479,
  "kurt_excess_I": -0.9029895684387945,
  "kurt_excess_Q": -0.9028238655943253
}