{
  "exp_dir": "H:\\Meu Drive\\Doutorado\\IA\\1-Data\\Dataraw\\16QAM_ORGANIZED_2026\\dist_1.5m\\curr_400mA\\16QAM_1.5m_400mA_001_20260210_190749",
  "dist_m": 1.5,
  "curr_mA": 400.0,
  "regime_id": "dist_1p5m__curr_400mA",
  "n_samples": 1799591,
  "skip_samples": 200000,
  "lag_samples": 409,
  "phase_rad": -1.9170989990234375,
  "p_tx": 0.5554362535476685,
  "p_rx_raw": 0.0040607755072414875,
  "p_rx_sync": 0.0040607815608382225,
  "p_rx_norm": 0.07542969286441803,
  "factor_ref": 4.309891182022685,
  "jb_p_real_residual": 3.7214786911307316e-135,
  "jb_p_imag_residual": 4.991042417177969e-135,
  "evm_pct": 69.619465,
  "evm_dB": -3.145386,
  "snr_dB": 3.145386,
  "noise_power": 0.2692127228,
  "var_I": 0.1339500993,
  "var_Q": 0.1341755055,
  "log_var_I": -2.010288,
  "log_var_Q": -2.008607,
  "skew_I": -3.4e-05,
  "skew_Q": -0.000165,
  "kurt_excess_I": -1.206418,
  "kurt_excess_Q": -1.208987,
  "gain_dB": -8.670919
}