{
  "exp_dir": "H:\\Meu Drive\\Doutorado\\IA\\1-Data\\Dataraw\\16QAM_ORGANIZED_2026\\dist_0.8m\\curr_100mA\\16QAM_0.8m_100mA_001_20260211_161123",
  "dist_m": 0.8,
  "curr_mA": 100.0,
  "regime_id": "dist_0p8m__curr_100mA",
  "n_samples": 1799520,
  "skip_samples": 200000,
  "lag_samples": 480,
  "phase_rad": 2.139296770095825,
  "p_tx": 0.5556941628456116,
  "p_rx_raw": 0.0269418153911829,
  "p_rx_sync": 0.02694130130112171,
  "p_rx_norm": 0.5004387497901917,
  "factor_ref": 4.309891182022685,
  "jb_p_real_residual": 0.712376153423932,
  "jb_p_imag_residual": 0.01610079860930384,
  "evm_pct": 18.772999,
  "evm_dB": -14.529327,
  "snr_dB": 14.529327,
  "noise_power": 0.0195840783,
  "var_I": 0.0092429702,
  "var_Q": 0.0092463823,
  "log_var_I": -4.683892,
  "log_var_Q": -4.683523,
  "skew_I": -0.001036,
  "skew_Q": 0.000256,
  "kurt_excess_I": -0.030915,
  "kurt_excess_Q": -0.03307,
  "gain_dB": -0.454849
}