{
  "exp_dir": "H:\\Meu Drive\\Doutorado\\IA\\1-Data\\Dataraw\\16QAM_ORGANIZED_2026\\dist_1.5m\\curr_800mA\\16QAM_1.5m_800mA_001_20260210_192413",
  "dist_m": 1.5,
  "curr_mA": 800.0,
  "regime_id": "dist_1p5m__curr_800mA",
  "n_samples": 1799505,
  "skip_samples": 200000,
  "lag_samples": 495,
  "phase_rad": -1.7159963846206665,
  "p_tx": 0.555655837059021,
  "p_rx_raw": 0.0032650374341756105,
  "p_rx_sync": 0.003265032544732094,
  "p_rx_norm": 0.060648489743471146,
  "factor_ref": 4.309891182022685,
  "jb_p_real_residual": 9.494397805179508e-131,
  "jb_p_imag_residual": 3.6207692624719415e-135,
  "evm_pct": 74.075581,
  "evm_dB": -2.606499,
  "snr_dB": 2.606499,
  "noise_power": 0.3048990071,
  "var_I": 0.1518416309,
  "var_Q": 0.1519388985,
  "log_var_I": -1.884917,
  "log_var_Q": -1.884277,
  "skew_I": -0.002192,
  "skew_Q": 0.000559,
  "kurt_excess_I": -1.222554,
  "kurt_excess_Q": -1.221384,
  "gain_dB": -9.619859
}