{
  "exp_dir": "C:\\Users\\rodrigo.miranda\\UFSM (rodrigo.miranda@acad.ufsm.br)\\Doutorado\\IA\\1-Data\\Dataraw\\FULLSQUARE_ORGANIZED_2026\\dist_1.5m\\curr_100mA\\full_square_1.5m_100mA_001_20260210_181711",
  "dist_m": 1.5,
  "curr_mA": 100.0,
  "regime_id": "dist_1p5m__curr_100mA",
  "n_samples": 899503,
  "skip_samples": 100000,
  "lag_samples": 497,
  "phase_rad": 2.7221579551696777,
  "p_tx": 0.6669321060180664,
  "p_rx_raw": 0.004356942139565945,
  "p_rx_sync": 0.0043569873087108135,
  "p_rx_norm": 0.08199044317007065,
  "factor_ref": 4.337989361460874,
  "jb_p_real_residual": 1.591272055190409e-104,
  "jb_p_imag_residual": 9.307759075533148e-110,
  "evm_pct": 70.245733,
  "evm_dB": -3.067601,
  "snr_dB": 3.067601,
  "noise_power": 0.3290951848,
  "var_I": 0.1640982892,
  "var_Q": 0.1639339433,
  "log_var_I": -1.80729,
  "log_var_Q": -1.808292,
  "skew_I": 0.002204,
  "skew_Q": -0.002193,
  "kurt_excess_I": -1.083655,
  "kurt_excess_Q": -1.085262,
  "gain_dB": -9.103184
}