{
  "exp_dir": "C:\\Users\\rodrigo.miranda\\UFSM (rodrigo.miranda@acad.ufsm.br)\\Doutorado\\IA\\1-Data\\Dataraw\\FULLSQUARE_ORGANIZED_2026\\dist_1.5m\\curr_700mA\\full_square_1.5m_700mA_001_20260210_184147",
  "dist_m": 1.5,
  "curr_mA": 700.0,
  "regime_id": "dist_1p5m__curr_700mA",
  "n_samples": 899512,
  "skip_samples": 100000,
  "lag_samples": 488,
  "phase_rad": 2.9261763095855713,
  "p_tx": 0.6670703887939453,
  "p_rx_raw": 0.003966898657381535,
  "p_rx_sync": 0.003967057913541794,
  "p_rx_norm": 0.07465269416570663,
  "factor_ref": 4.337989361460874,
  "jb_p_real_residual": 2.544636403900676e-105,
  "jb_p_imag_residual": 2.234216684914624e-110,
  "evm_pct": 72.399175,
  "evm_dB": -2.805328,
  "snr_dB": 2.805328,
  "noise_power": 0.3496543169,
  "var_I": 0.1743284509,
  "var_Q": 0.1742359311,
  "log_var_I": -1.746814,
  "log_var_Q": -1.747345,
  "skew_I": -0.000918,
  "skew_Q": -0.000137,
  "kurt_excess_I": -1.093159,
  "kurt_excess_Q": -1.092394,
  "gain_dB": -9.511262
}