{
  "exp_dir": "C:\\Users\\rodrigo.miranda\\UFSM (rodrigo.miranda@acad.ufsm.br)\\Doutorado\\IA\\1-Data\\Dataraw\\FULL_CIRCLE_ORGANIZED_2026\\dist_1.0m\\curr_100mA\\full_circle_1m_100mA_001_20260415_150756",
  "dataset_mode": "full_circle",
  "dist_m": 1.0,
  "curr_mA": 100.0,
  "regime_id": "dist_1p0m__curr_100mA",
  "n_samples": 900000,
  "skip_samples": 100000,
  "lag_samples": 462,
  "phase_rad": 0.9002966284751892,
  "p_tx": 0.6671193838119507,
  "p_rx_raw": 0.023268602788448334,
  "p_rx_sync": 0.02326824702322483,
  "p_rx_norm": 0.24406778812408447,
  "factor_ref": 3.2387198587481496,
  "evm_pct": 42.411742395923845,
  "evm_dB": -7.450277702236679,
  "snr_dB": 7.450277702236681,
  "noise_power": 0.1199984923005104,
  "var_I": 0.05974431386163314,
  "var_Q": 0.05965243798124246,
  "log_var_I": -2.8176812581947197,
  "log_var_Q": -2.8192202598360003,
  "skew_I": -8.065847326475958e-05,
  "skew_Q": -0.00027198413577893965,
  "kurt_excess_I": -0.8068159907420749,
  "kurt_excess_Q": -0.8076060394040638
}