{
  "exp_dir": "H:\\Meu Drive\\Doutorado\\IA\\1-Data\\Dataraw\\16QAM_ORGANIZED_2026\\dist_1.5m\\curr_500mA\\16QAM_1.5m_500mA_001_20260210_191155",
  "dist_m": 1.5,
  "curr_mA": 500.0,
  "regime_id": "dist_1p5m__curr_500mA",
  "n_samples": 1799535,
  "skip_samples": 200000,
  "lag_samples": 465,
  "phase_rad": 1.7236874103546143,
  "p_tx": 0.5554128289222717,
  "p_rx_raw": 0.003871300956234336,
  "p_rx_sync": 0.0038712448440492153,
  "p_rx_norm": 0.07190903276205063,
  "factor_ref": 4.309891182022685,
  "jb_p_real_residual": 3.0885186921884303e-137,
  "jb_p_imag_residual": 6.384738433713729e-130,
  "evm_pct": 70.661355,
  "evm_dB": -3.016361,
  "snr_dB": 3.016361,
  "noise_power": 0.2773191333,
  "var_I": 0.1381127372,
  "var_Q": 0.1381147208,
  "log_var_I": -1.979685,
  "log_var_Q": -1.979671,
  "skew_I": -0.000634,
  "skew_Q": 0.001366,
  "kurt_excess_I": -1.20995,
  "kurt_excess_Q": -1.210344,
  "gain_dB": -8.878325
}