{
  "exp_dir": "H:\\Meu Drive\\Doutorado\\IA\\1-Data\\Dataraw\\16QAM_ORGANIZED_2026\\dist_1.0m\\curr_600mA\\16QAM_1m_600mA_001_20260210_164330",
  "dist_m": 1.0,
  "curr_mA": 600.0,
  "regime_id": "dist_1p0m__curr_600mA",
  "n_samples": 1799510,
  "skip_samples": 200000,
  "lag_samples": 490,
  "phase_rad": -0.9080840349197388,
  "p_tx": 0.5550879240036011,
  "p_rx_raw": 0.012574752792716026,
  "p_rx_sync": 0.012574579566717148,
  "p_rx_norm": 0.2335750013589859,
  "factor_ref": 4.309891182022685,
  "jb_p_real_residual": 1.3631209449119737e-84,
  "jb_p_imag_residual": 2.7026769262544936e-86,
  "evm_pct": 41.065758,
  "evm_dB": -7.730403,
  "snr_dB": 7.730403,
  "noise_power": 0.0936098322,
  "var_I": 0.0462625568,
  "var_Q": 0.0462570146,
  "log_var_I": -3.073422,
  "log_var_Q": -3.073542,
  "skew_I": -0.000825,
  "skew_Q": -0.002209,
  "kurt_excess_I": -0.959726,
  "kurt_excess_Q": -0.958656,
  "gain_dB": -3.759354
}