{
  "exp_dir": "H:\\Meu Drive\\Doutorado\\IA\\1-Data\\Dataraw\\16QAM_ORGANIZED_2026\\dist_1.0m\\curr_800mA\\16QAM_1m_800mA_001_20260210_165140",
  "dist_m": 1.0,
  "curr_mA": 800.0,
  "regime_id": "dist_1p0m__curr_800mA",
  "n_samples": 1799531,
  "skip_samples": 200000,
  "lag_samples": 469,
  "phase_rad": 2.1371726989746094,
  "p_tx": 0.5552790760993958,
  "p_rx_raw": 0.010653266683220863,
  "p_rx_sync": 0.010653257369995117,
  "p_rx_norm": 0.19788600504398346,
  "factor_ref": 4.309891182022685,
  "jb_p_real_residual": 3.681508696049761e-101,
  "jb_p_imag_residual": 4.2257175517111136e-98,
  "evm_pct": 45.941264,
  "evm_dB": -6.755941,
  "snr_dB": 6.755941,
  "noise_power": 0.1171971858,
  "var_I": 0.0580211861,
  "var_Q": 0.0580628147,
  "log_var_I": -2.846947,
  "log_var_Q": -2.84623,
  "skew_I": 0.000474,
  "skew_Q": 0.00125,
  "kurt_excess_I": -1.039594,
  "kurt_excess_Q": -1.039619,
  "gain_dB": -4.480962
}