{
  "exp_dir": "H:\\Meu Drive\\Doutorado\\IA\\1-Data\\Dataraw\\16QAM_ORGANIZED_2026\\dist_1.0m\\curr_900mA\\16QAM_1m_900mA_001_20260210_165545",
  "dist_m": 1.0,
  "curr_mA": 900.0,
  "regime_id": "dist_1p0m__curr_900mA",
  "n_samples": 1799532,
  "skip_samples": 200000,
  "lag_samples": 468,
  "phase_rad": -0.200910285115242,
  "p_tx": 0.5553669333457947,
  "p_rx_raw": 0.009766628965735435,
  "p_rx_sync": 0.00976669229567051,
  "p_rx_norm": 0.18141791224479675,
  "factor_ref": 4.309891182022685,
  "jb_p_real_residual": 7.43831004748002e-105,
  "jb_p_imag_residual": 4.059647174177612e-107,
  "evm_pct": 48.393576,
  "evm_dB": -6.304246,
  "snr_dB": 6.304246,
  "noise_power": 0.130063504,
  "var_I": 0.0644507559,
  "var_Q": 0.0644712603,
  "log_var_I": -2.741854,
  "log_var_Q": -2.741536,
  "skew_I": 4.5e-05,
  "skew_Q": 0.000189,
  "kurt_excess_I": -1.071839,
  "kurt_excess_Q": -1.070478,
  "gain_dB": -4.858999
}