{
  "exp_dir": "C:\\Users\\rodrigo.miranda\\UFSM (rodrigo.miranda@acad.ufsm.br)\\Doutorado\\IA\\1-Data\\Dataraw\\FULL_CIRCLE_ORGANIZED_2026\\dist_0.8m\\curr_600mA\\full_circle_0.8m_600mA_001_20260415_153049",
  "dataset_mode": "full_circle",
  "dist_m": 0.8,
  "curr_mA": 600.0,
  "regime_id": "dist_0p8m__curr_600mA",
  "n_samples": 900000,
  "skip_samples": 100000,
  "lag_samples": 421,
  "phase_rad": 1.3444619178771973,
  "p_tx": 0.6666052341461182,
  "p_rx_raw": 0.04334089159965515,
  "p_rx_sync": 0.04334099963307381,
  "p_rx_norm": 0.45461705327033997,
  "factor_ref": 3.2387198587481496,
  "evm_pct": 21.54163044648745,
  "evm_dB": -13.334428576828806,
  "snr_dB": 13.334428576828806,
  "noise_power": 0.03093327209353447,
  "var_I": 0.015157094213790285,
  "var_Q": 0.015160586478173078,
  "log_var_I": -4.189286591691918,
  "log_var_Q": -4.189056213620869,
  "skew_I": 0.0016115930370472925,
  "skew_Q": -0.0015765530690714487,
  "kurt_excess_I": -0.5213510073043284,
  "kurt_excess_Q": -0.5182316394827295
}