{
  "exp_dir": "H:\\Meu Drive\\Doutorado\\IA\\1-Data\\Dataraw\\16QAM_ORGANIZED_2026\\dist_1.0m\\curr_100mA\\16QAM_1m_100mA_001_20260210_162259",
  "dist_m": 1.0,
  "curr_mA": 100.0,
  "regime_id": "dist_1p0m__curr_100mA",
  "n_samples": 1799513,
  "skip_samples": 200000,
  "lag_samples": 487,
  "phase_rad": 0.8767560124397278,
  "p_tx": 0.5555315613746643,
  "p_rx_raw": 0.015956487506628036,
  "p_rx_sync": 0.015956638380885124,
  "p_rx_norm": 0.29639706015586853,
  "factor_ref": 4.309891182022685,
  "jb_p_real_residual": 6.268781512089619e-53,
  "jb_p_imag_residual": 7.993226745452045e-55,
  "evm_pct": 33.957965,
  "evm_dB": -9.381167,
  "snr_dB": 9.381167,
  "noise_power": 0.0640607551,
  "var_I": 0.031516527,
  "var_Q": 0.0314739751,
  "log_var_I": -3.457243,
  "log_var_Q": -3.458594,
  "skew_I": -0.001839,
  "skew_Q": -0.000859,
  "kurt_excess_I": -0.751541,
  "kurt_excess_Q": -0.750439,
  "gain_dB": -2.728348
}