{
  "exp_dir": "C:\\Users\\rodrigo.miranda\\UFSM (rodrigo.miranda@acad.ufsm.br)\\Doutorado\\IA\\1-Data\\Dataraw\\FULL_CIRCLE_ORGANIZED_2026\\dist_1.0m\\curr_500mA\\full_circle_1m_500mA_001_20260415_151217",
  "dataset_mode": "full_circle",
  "dist_m": 1.0,
  "curr_mA": 500.0,
  "regime_id": "dist_1p0m__curr_500mA",
  "n_samples": 900000,
  "skip_samples": 100000,
  "lag_samples": 431,
  "phase_rad": -2.4487504959106445,
  "p_tx": 0.6672918200492859,
  "p_rx_raw": 0.0243536289781332,
  "p_rx_sync": 0.024354292079806328,
  "p_rx_norm": 0.25545966625213623,
  "factor_ref": 3.2387198587481496,
  "evm_pct": 41.11176434087839,
  "evm_dB": -7.720677695205216,
  "snr_dB": 7.720677695205216,
  "noise_power": 0.11278413981199265,
  "var_I": 0.05614128848128383,
  "var_Q": 0.05602062751153746,
  "log_var_I": -2.8798837570954623,
  "log_var_Q": -2.882035307650301,
  "skew_I": 0.00015015590080595139,
  "skew_Q": -0.00046960525232532367,
  "kurt_excess_I": -0.8427295433817021,
  "kurt_excess_Q": -0.8401128552509749
}