{
  "exp_dir": "C:\\Users\\rodrigo.miranda\\UFSM (rodrigo.miranda@acad.ufsm.br)\\Doutorado\\IA\\1-Data\\Dataraw\\FULLSQUARE_ORGANIZED_2026\\dist_1.5m\\curr_400mA\\full_square_1.5m_400mA_001_20260210_182929",
  "dist_m": 1.5,
  "curr_mA": 400.0,
  "regime_id": "dist_1p5m__curr_400mA",
  "n_samples": 899476,
  "skip_samples": 100000,
  "lag_samples": 524,
  "phase_rad": 2.3509206771850586,
  "p_tx": 0.6658709645271301,
  "p_rx_raw": 0.004731245804578066,
  "p_rx_sync": 0.004731647204607725,
  "p_rx_norm": 0.0890408605337143,
  "factor_ref": 4.337989361460874,
  "jb_p_real_residual": 3.098275866617642e-107,
  "jb_p_imag_residual": 6.642549580572472e-107,
  "evm_pct": 68.980359,
  "evm_dB": -3.225491,
  "snr_dB": 3.225491,
  "noise_power": 0.3168407083,
  "var_I": 0.157811523,
  "var_Q": 0.1579598192,
  "log_var_I": -1.846354,
  "log_var_Q": -1.845415,
  "skew_I": 0.001481,
  "skew_Q": -0.001284,
  "kurt_excess_I": -1.080343,
  "kurt_excess_Q": -1.081276,
  "gain_dB": -8.738007
}