{
  "exp_dir": "C:\\Users\\rodrigo.miranda\\UFSM (rodrigo.miranda@acad.ufsm.br)\\Doutorado\\IA\\1-Data\\Dataraw\\FULL_CIRCLE_ORGANIZED_2026\\dist_1.5m\\curr_700mA\\full_circle_1.5m_700mA_001_20260415_155436",
  "dataset_mode": "full_circle",
  "dist_m": 1.5,
  "curr_mA": 700.0,
  "regime_id": "dist_1p5m__curr_700mA",
  "n_samples": 900000,
  "skip_samples": 100000,
  "lag_samples": 449,
  "phase_rad": -2.913806915283203,
  "p_tx": 0.6667927503585815,
  "p_rx_raw": 0.00489715114235878,
  "p_rx_sync": 0.004897059872746468,
  "p_rx_norm": 0.051366761326789856,
  "factor_ref": 3.2387198587481496,
  "evm_pct": 75.83838525638161,
  "evm_dB": -2.4022184505593054,
  "snr_dB": 2.4022184505593054,
  "noise_power": 0.3835032284259796,
  "var_I": 0.19121203178891996,
  "var_Q": 0.1916716685358037,
  "log_var_I": -1.654372352578387,
  "log_var_Q": -1.6519714304848685,
  "skew_I": 0.00037582152102907127,
  "skew_Q": 0.0003712249062397244,
  "kurt_excess_I": -0.9535132286750221,
  "kurt_excess_Q": -0.9580235866043254
}