{
  "exp_dir": "C:\\Users\\rodrigo.miranda\\UFSM (rodrigo.miranda@acad.ufsm.br)\\Doutorado\\IA\\1-Data\\Dataraw\\FULL_CIRCLE_ORGANIZED_2026\\dist_1.0m\\curr_400mA\\full_circle_1m_400mA_001_20260415_151113",
  "dataset_mode": "full_circle",
  "dist_m": 1.0,
  "curr_mA": 400.0,
  "regime_id": "dist_1p0m__curr_400mA",
  "n_samples": 900000,
  "skip_samples": 100000,
  "lag_samples": 427,
  "phase_rad": 1.3602982759475708,
  "p_tx": 0.6664064526557922,
  "p_rx_raw": 0.02625129558146,
  "p_rx_sync": 0.026250086724758148,
  "p_rx_norm": 0.27534523606300354,
  "factor_ref": 3.2387198587481496,
  "evm_pct": 38.79366983312152,
  "evm_dB": -8.224782694729159,
  "snr_dB": 8.224782694729159,
  "noise_power": 0.10029076039791107,
  "var_I": 0.049812882001110816,
  "var_Q": 0.04985299087581444,
  "log_var_I": -2.9994816536809665,
  "log_var_Q": -2.998676786865253,
  "skew_I": 0.0015113866989470406,
  "skew_Q": -0.001604370137357769,
  "kurt_excess_I": -0.8209619441972102,
  "kurt_excess_Q": -0.8217696760397923
}