{
  "exp_dir": "C:\\Users\\rodrigo.miranda\\UFSM (rodrigo.miranda@acad.ufsm.br)\\Doutorado\\IA\\1-Data\\Dataraw\\FULL_CIRCLE_ORGANIZED_2026\\dist_1.5m\\curr_800mA\\full_circle_1.5m_800mA_001_20260415_155540",
  "dataset_mode": "full_circle",
  "dist_m": 1.5,
  "curr_mA": 800.0,
  "regime_id": "dist_1p5m__curr_800mA",
  "n_samples": 900000,
  "skip_samples": 100000,
  "lag_samples": 451,
  "phase_rad": -0.39727094769477844,
  "p_tx": 0.6668398380279541,
  "p_rx_raw": 0.00464735459536314,
  "p_rx_sync": 0.00464730616658926,
  "p_rx_norm": 0.048747021704912186,
  "factor_ref": 3.2387198587481496,
  "evm_pct": 76.62404005185478,
  "evm_dB": -2.31269906586048,
  "snr_dB": 2.31269906586048,
  "noise_power": 0.39151790738105774,
  "var_I": 0.1954315562352095,
  "var_Q": 0.19544898150191836,
  "log_var_I": -1.6325450568382058,
  "log_var_Q": -1.6324558977983554,
  "skew_I": -0.00019368400474931098,
  "skew_Q": -0.0008104065723018407,
  "kurt_excess_I": -0.9566399798539593,
  "kurt_excess_Q": -0.9555473733505724
}