{
  "exp_dir": "C:\\Users\\rodrigo.miranda\\UFSM (rodrigo.miranda@acad.ufsm.br)\\Doutorado\\IA\\1-Data\\Dataraw\\FULLSQUARE_ORGANIZED_2026\\dist_0.8m\\curr_100mA\\full_square_0.8m_100mA_001_20260211_153055",
  "dist_m": 0.8,
  "curr_mA": 100.0,
  "regime_id": "dist_0p8m__curr_100mA",
  "n_samples": 899511,
  "skip_samples": 100000,
  "lag_samples": 489,
  "phase_rad": 1.232507348060608,
  "p_tx": 0.6672516465187073,
  "p_rx_raw": 0.03108302317559719,
  "p_rx_sync": 0.031082553789019585,
  "p_rx_norm": 0.5849162340164185,
  "factor_ref": 4.337989361460874,
  "jb_p_real_residual": 0.7227161775792909,
  "jb_p_imag_residual": 0.13832910695729292,
  "evm_pct": 17.757038,
  "evm_dB": -15.01259,
  "snr_dB": 15.01259,
  "noise_power": 0.0210392717,
  "var_I": 0.0099828707,
  "var_Q": 0.009949484,
  "log_var_I": -4.606885,
  "log_var_Q": -4.610235,
  "skew_I": -0.001077,
  "skew_Q": -0.001255,
  "kurt_excess_I": -0.036382,
  "kurt_excess_Q": -0.034341,
  "gain_dB": -0.57196
}