{
  "exp_dir": "C:\\Users\\rodrigo.miranda\\UFSM (rodrigo.miranda@acad.ufsm.br)\\Doutorado\\IA\\1-Data\\Dataraw\\FULLSQUARE_ORGANIZED_2026\\dist_0.8m\\curr_300mA\\full_square_0.8m_300mA_001_20260211_153908",
  "dist_m": 0.8,
  "curr_mA": 300.0,
  "regime_id": "dist_0p8m__curr_300mA",
  "n_samples": 899529,
  "skip_samples": 100000,
  "lag_samples": 471,
  "phase_rad": -0.4804307520389557,
  "p_tx": 0.6663316488265991,
  "p_rx_raw": 0.03540973737835884,
  "p_rx_sync": 0.03540898486971855,
  "p_rx_norm": 0.6663318276405334,
  "factor_ref": 4.337989361460874,
  "jb_p_real_residual": 0.5199822062482713,
  "jb_p_imag_residual": 0.4751247583200069,
  "evm_pct": 16.284653,
  "evm_dB": -15.76443,
  "snr_dB": 15.76443,
  "noise_power": 0.0176704433,
  "var_I": 0.0082617671,
  "var_Q": 0.0082843529,
  "log_var_I": -4.796117,
  "log_var_Q": -4.793387,
  "skew_I": 0.004957,
  "skew_Q": 0.000579,
  "kurt_excess_I": -0.014661,
  "kurt_excess_Q": -0.023415,
  "gain_dB": 1e-06
}