{
  "exp_dir": "C:\\Users\\rodrigo.miranda\\UFSM (rodrigo.miranda@acad.ufsm.br)\\Doutorado\\IA\\1-Data\\Dataraw\\FULL_CIRCLE_ORGANIZED_2026\\dist_0.8m\\curr_200mA\\full_circle_0.8m_200mA_001_20260415_152631",
  "dataset_mode": "full_circle",
  "dist_m": 0.8,
  "curr_mA": 200.0,
  "regime_id": "dist_0p8m__curr_200mA",
  "n_samples": 900000,
  "skip_samples": 100000,
  "lag_samples": 429,
  "phase_rad": 1.3996692895889282,
  "p_tx": 0.6678992509841919,
  "p_rx_raw": 0.0630301833152771,
  "p_rx_sync": 0.06303101032972336,
  "p_rx_norm": 0.6611515283584595,
  "factor_ref": 3.2387198587481496,
  "evm_pct": 11.961435243804381,
  "evm_dB": -18.444334130920097,
  "snr_dB": 18.4443341309201,
  "noise_power": 0.009556030854582787,
  "var_I": 0.004460266658616747,
  "var_Q": 0.004467361578908716,
  "log_var_I": -5.412546725809929,
  "log_var_Q": -5.410957295426662,
  "skew_I": 0.001928478609522216,
  "skew_Q": 0.0009655611526382053,
  "kurt_excess_I": 0.09163980175684605,
  "kurt_excess_Q": 0.12574914650457103
}