{
  "exp_dir": "C:\\Users\\rodrigo.miranda\\UFSM (rodrigo.miranda@acad.ufsm.br)\\Doutorado\\IA\\1-Data\\Dataraw\\FULL_CIRCLE_ORGANIZED_2026\\dist_1.5m\\curr_300mA\\full_circle_1.5m_300mA_001_20260415_155016",
  "dataset_mode": "full_circle",
  "dist_m": 1.5,
  "curr_mA": 300.0,
  "regime_id": "dist_1p5m__curr_300mA",
  "n_samples": 900000,
  "skip_samples": 100000,
  "lag_samples": 431,
  "phase_rad": 0.9016681909561157,
  "p_tx": 0.6672242283821106,
  "p_rx_raw": 0.006689115893095732,
  "p_rx_sync": 0.00668880483135581,
  "p_rx_norm": 0.07016092538833618,
  "factor_ref": 3.2387198587481496,
  "evm_pct": 70.8996027515483,
  "evm_dB": -2.987123962994195,
  "snr_dB": 2.987123962994196,
  "noise_power": 0.3353971838951111,
  "var_I": 0.16734243784306965,
  "var_Q": 0.16743844424052734,
  "log_var_I": -1.7877130400179213,
  "log_var_Q": -1.7871394923320918,
  "skew_I": -0.00023155095629002253,
  "skew_Q": -0.00035131455081212077,
  "kurt_excess_I": -0.9483043049269955,
  "kurt_excess_Q": -0.9447113284455737
}