{
  "exp_dir": "C:\\Users\\rodrigo.miranda\\UFSM (rodrigo.miranda@acad.ufsm.br)\\Doutorado\\IA\\1-Data\\Dataraw\\FULL_CIRCLE_ORGANIZED_2026\\dist_0.8m\\curr_700mA\\full_circle_0.8m_700mA_001_20260415_153154",
  "dataset_mode": "full_circle",
  "dist_m": 0.8,
  "curr_mA": 700.0,
  "regime_id": "dist_0p8m__curr_700mA",
  "n_samples": 900000,
  "skip_samples": 100000,
  "lag_samples": 432,
  "phase_rad": -2.4168009757995605,
  "p_tx": 0.6672800183296204,
  "p_rx_raw": 0.04057776927947998,
  "p_rx_sync": 0.04057784751057625,
  "p_rx_norm": 0.4256335198879242,
  "factor_ref": 3.2387198587481496,
  "evm_pct": 23.93593902041501,
  "evm_dB": -12.418990604597248,
  "snr_dB": 12.418990604597248,
  "noise_power": 0.03823041915893555,
  "var_I": 0.018822775763455535,
  "var_Q": 0.018787814491158437,
  "log_var_I": -3.9726876656125305,
  "log_var_Q": -3.974546784660129,
  "skew_I": 0.0009665683372653839,
  "skew_Q": 0.0003724236223798587,
  "kurt_excess_I": -0.599645256675656,
  "kurt_excess_Q": -0.5914125005694335
}