{
  "exp_dir": "C:\\Users\\rodrigo.miranda\\UFSM (rodrigo.miranda@acad.ufsm.br)\\Doutorado\\IA\\1-Data\\Dataraw\\FULL_CIRCLE_ORGANIZED_2026\\dist_1.0m\\curr_900mA\\full_circle_1m_900mA_001_20260415_151640",
  "dataset_mode": "full_circle",
  "dist_m": 1.0,
  "curr_mA": 900.0,
  "regime_id": "dist_1p0m__curr_900mA",
  "n_samples": 900000,
  "skip_samples": 100000,
  "lag_samples": 460,
  "phase_rad": 0.8808768391609192,
  "p_tx": 0.6669908761978149,
  "p_rx_raw": 0.01604585349559784,
  "p_rx_sync": 0.01604580692946911,
  "p_rx_norm": 0.16830939054489136,
  "factor_ref": 3.2387198587481496,
  "evm_pct": 52.39709147816289,
  "evm_dB": -5.6138563939293125,
  "snr_dB": 5.613856393929314,
  "noise_power": 0.18311935663223267,
  "var_I": 0.09130089532884388,
  "var_Q": 0.09118548285625916,
  "log_var_I": -2.393594684979748,
  "log_var_Q": -2.3948595737798906,
  "skew_I": -0.0006603459831859922,
  "skew_Q": 0.0011348353500399947,
  "kurt_excess_I": -0.9095311478550303,
  "kurt_excess_Q": -0.9099314098638143
}