{
  "exp_dir": "H:\\Meu Drive\\Doutorado\\IA\\1-Data\\Dataraw\\16QAM_ORGANIZED_2026\\dist_1.5m\\curr_900mA\\16QAM_1.5m_900mA_001_20260210_192819",
  "dist_m": 1.5,
  "curr_mA": 900.0,
  "regime_id": "dist_1p5m__curr_900mA",
  "n_samples": 1799511,
  "skip_samples": 200000,
  "lag_samples": 489,
  "phase_rad": 1.6866792440414429,
  "p_tx": 0.5556997060775757,
  "p_rx_raw": 0.0030735344626009464,
  "p_rx_sync": 0.0030734639149159193,
  "p_rx_norm": 0.05709009990096092,
  "factor_ref": 4.309891182022685,
  "jb_p_real_residual": 2.995751708841412e-132,
  "jb_p_imag_residual": 2.8767687015792906e-140,
  "evm_pct": 75.183553,
  "evm_dB": -2.477543,
  "snr_dB": 2.477543,
  "noise_power": 0.3141129613,
  "var_I": 0.1564584482,
  "var_Q": 0.1565852002,
  "log_var_I": -1.854965,
  "log_var_Q": -1.854155,
  "skew_I": -0.001174,
  "skew_Q": 0.000301,
  "kurt_excess_I": -1.22544,
  "kurt_excess_Q": -1.226342,
  "gain_dB": -9.882794
}