{
  "exp_dir": "H:\\Meu Drive\\Doutorado\\IA\\1-Data\\Dataraw\\16QAM_ORGANIZED_2026\\dist_1.5m\\curr_600mA\\16QAM_1.5m_600mA_001_20260210_191601",
  "dist_m": 1.5,
  "curr_mA": 600.0,
  "regime_id": "dist_1p5m__curr_600mA",
  "n_samples": 1799536,
  "skip_samples": 200000,
  "lag_samples": 464,
  "phase_rad": 0.6568447947502136,
  "p_tx": 0.5555258393287659,
  "p_rx_raw": 0.0036475590895861387,
  "p_rx_sync": 0.003647597273811698,
  "p_rx_norm": 0.06775470077991486,
  "factor_ref": 4.309891182022685,
  "jb_p_real_residual": 3.30346875900769e-139,
  "jb_p_imag_residual": 1.4501139778405688e-135,
  "evm_pct": 71.850201,
  "evm_dB": -2.87144,
  "snr_dB": 2.87144,
  "noise_power": 0.2867875099,
  "var_I": 0.142879553,
  "var_Q": 0.14283359,
  "log_var_I": -1.945753,
  "log_var_Q": -1.946075,
  "skew_I": 0.001754,
  "skew_Q": 0.00053,
  "kurt_excess_I": -1.214278,
  "kurt_excess_Q": -1.214786,
  "gain_dB": -9.137648
}