{
  "exp_dir": "C:\\Users\\rodrigo.miranda\\UFSM (rodrigo.miranda@acad.ufsm.br)\\Doutorado\\IA\\1-Data\\Dataraw\\FULLSQUARE_ORGANIZED_2026\\dist_1.0m\\curr_700mA\\full_square_1m_700mA_001_20260210_160348",
  "dist_m": 1.0,
  "curr_mA": 700.0,
  "regime_id": "dist_1p0m__curr_700mA",
  "n_samples": 899538,
  "skip_samples": 100000,
  "lag_samples": 462,
  "phase_rad": 0.6873663663864136,
  "p_tx": 0.6668118834495544,
  "p_rx_raw": 0.013655386865139008,
  "p_rx_sync": 0.013654857873916626,
  "p_rx_norm": 0.2569592595100403,
  "factor_ref": 4.337989361460874,
  "jb_p_real_residual": 7.604076206355653e-80,
  "jb_p_imag_residual": 1.739679057291427e-79,
  "evm_pct": 42.791779,
  "evm_dB": -7.372793,
  "snr_dB": 7.372793,
  "noise_power": 0.12210235,
  "var_I": 0.0604656521,
  "var_Q": 0.0605228474,
  "log_var_I": -2.80568,
  "log_var_Q": -2.804734,
  "skew_I": 0.00136,
  "skew_Q": -0.00268,
  "kurt_excess_I": -0.92483,
  "kurt_excess_Q": -0.925083,
  "gain_dB": -4.141391
}