{
  "exp_dir": "C:\\Users\\rodrigo.miranda\\UFSM (rodrigo.miranda@acad.ufsm.br)\\Doutorado\\IA\\1-Data\\Dataraw\\FULLSQUARE_ORGANIZED_2026\\dist_1.5m\\curr_900mA\\full_square_1.5m_900mA_001_20260210_184959",
  "dist_m": 1.5,
  "curr_mA": 900.0,
  "regime_id": "dist_1p5m__curr_900mA",
  "n_samples": 899507,
  "skip_samples": 100000,
  "lag_samples": 493,
  "phase_rad": -2.834496259689331,
  "p_tx": 0.6660812497138977,
  "p_rx_raw": 0.003536125412210822,
  "p_rx_sync": 0.0035361978225409985,
  "p_rx_norm": 0.06654471158981323,
  "factor_ref": 4.337989361460874,
  "jb_p_real_residual": 5.252772332719004e-110,
  "jb_p_imag_residual": 1.3171389447787326e-107,
  "evm_pct": 74.615543,
  "evm_dB": -2.543414,
  "snr_dB": 2.543414,
  "noise_power": 0.3708393574,
  "var_I": 0.1847717557,
  "var_Q": 0.1849297642,
  "log_var_I": -1.688634,
  "log_var_Q": -1.687779,
  "skew_I": -0.001622,
  "skew_Q": -0.001662,
  "kurt_excess_I": -1.095941,
  "kurt_excess_Q": -1.096074,
  "gain_dB": -10.004137
}