{
  "exp_dir": "C:\\Users\\rodrigo.miranda\\UFSM (rodrigo.miranda@acad.ufsm.br)\\Doutorado\\IA\\1-Data\\Dataraw\\FULL_CIRCLE_ORGANIZED_2026\\dist_1.5m\\curr_900mA\\full_circle_1.5m_900mA_001_20260415_155646",
  "dataset_mode": "full_circle",
  "dist_m": 1.5,
  "curr_mA": 900.0,
  "regime_id": "dist_1p5m__curr_900mA",
  "n_samples": 900000,
  "skip_samples": 100000,
  "lag_samples": 431,
  "phase_rad": 0.9277505278587341,
  "p_tx": 0.6667935848236084,
  "p_rx_raw": 0.004457805305719376,
  "p_rx_sync": 0.004457744769752026,
  "p_rx_norm": 0.046758655458688736,
  "factor_ref": 3.2387198587481496,
  "evm_pct": 77.29200553906553,
  "evm_dB": -2.237308473462401,
  "snr_dB": 2.237308473462401,
  "noise_power": 0.39834609627723694,
  "var_I": 0.19856532196653592,
  "var_Q": 0.19915749713492753,
  "log_var_I": -1.6166371550720962,
  "log_var_Q": -1.6136593243943345,
  "skew_I": -3.201908739155391e-05,
  "skew_Q": 0.0018473586632943453,
  "kurt_excess_I": -0.9528630076260702,
  "kurt_excess_Q": -0.9564661790331708
}