{
  "exp_dir": "H:\\Meu Drive\\Doutorado\\IA\\1-Data\\Dataraw\\16QAM_ORGANIZED_2026\\dist_1.5m\\curr_700mA\\16QAM_1.5m_700mA_001_20260210_192007",
  "dist_m": 1.5,
  "curr_mA": 700.0,
  "regime_id": "dist_1p5m__curr_700mA",
  "n_samples": 1799514,
  "skip_samples": 200000,
  "lag_samples": 486,
  "phase_rad": -2.6039578914642334,
  "p_tx": 0.5554534196853638,
  "p_rx_raw": 0.003432830097153783,
  "p_rx_sync": 0.0034328659530729055,
  "p_rx_norm": 0.06376603990793228,
  "factor_ref": 4.309891182022685,
  "jb_p_real_residual": 5.437131275386506e-139,
  "jb_p_imag_residual": 4.4823217931616295e-132,
  "evm_pct": 73.048674,
  "evm_dB": -2.727753,
  "snr_dB": 2.727753,
  "noise_power": 0.2963959873,
  "var_I": 0.1476810704,
  "var_Q": 0.1476567658,
  "log_var_I": -1.9127,
  "log_var_Q": -1.912865,
  "skew_I": -6e-06,
  "skew_Q": -0.000185,
  "kurt_excess_I": -1.218613,
  "kurt_excess_Q": -1.219276,
  "gain_dB": -9.400582
}