{
  "exp_dir": "H:\\Meu Drive\\Doutorado\\IA\\1-Data\\Dataraw\\16QAM_ORGANIZED_2026\\dist_1.0m\\curr_200mA\\16QAM_1m_200mA_001_20260210_162705",
  "dist_m": 1.0,
  "curr_mA": 200.0,
  "regime_id": "dist_1p0m__curr_200mA",
  "n_samples": 1799509,
  "skip_samples": 200000,
  "lag_samples": 491,
  "phase_rad": -2.9357457160949707,
  "p_tx": 0.5549049377441406,
  "p_rx_raw": 0.017491258680820465,
  "p_rx_sync": 0.01749124750494957,
  "p_rx_norm": 0.32490286231040955,
  "factor_ref": 4.309891182022685,
  "jb_p_real_residual": 7.1611283629712e-42,
  "jb_p_imag_residual": 4.627119144849271e-42,
  "evm_pct": 30.814741,
  "evm_dB": -10.22483,
  "snr_dB": 10.22483,
  "noise_power": 0.0526909009,
  "var_I": 0.0258264678,
  "var_Q": 0.025772927,
  "log_var_I": -3.656355,
  "log_var_Q": -3.658431,
  "skew_I": -0.001129,
  "skew_Q": -0.001557,
  "kurt_excess_I": -0.663506,
  "kurt_excess_Q": -0.662493,
  "gain_dB": -2.324651
}