{
  "exp_dir": "C:\\Users\\rodrigo.miranda\\UFSM (rodrigo.miranda@acad.ufsm.br)\\Doutorado\\IA\\1-Data\\Dataraw\\FULLSQUARE_ORGANIZED_2026\\dist_0.8m\\curr_500mA\\full_square_0.8m_500mA_001_20260211_154720",
  "dist_m": 0.8,
  "curr_mA": 500.0,
  "regime_id": "dist_0p8m__curr_500mA",
  "n_samples": 899502,
  "skip_samples": 100000,
  "lag_samples": 498,
  "phase_rad": -2.9770755767822266,
  "p_tx": 0.6671451330184937,
  "p_rx_raw": 0.02722468040883541,
  "p_rx_sync": 0.02722521871328354,
  "p_rx_norm": 0.5123281478881836,
  "factor_ref": 4.337989361460874,
  "jb_p_real_residual": 7.045687362250353e-08,
  "jb_p_imag_residual": 2.0022791553129974e-08,
  "evm_pct": 20.669465,
  "evm_dB": -13.693415,
  "snr_dB": 13.693415,
  "noise_power": 0.0285022259,
  "var_I": 0.0136763435,
  "var_Q": 0.0137323734,
  "log_var_I": -4.292088,
  "log_var_Q": -4.287999,
  "skew_I": 0.001808,
  "skew_Q": -0.000675,
  "kurt_excess_I": -0.261242,
  "kurt_excess_Q": -0.254945,
  "gain_dB": -1.146721
}