{
  "exp_dir": "C:\\Users\\rodrigo.miranda\\UFSM (rodrigo.miranda@acad.ufsm.br)\\Doutorado\\IA\\1-Data\\Dataraw\\FULL_CIRCLE_ORGANIZED_2026\\dist_0.8m\\curr_400mA\\full_circle_0.8m_400mA_001_20260415_152840",
  "dataset_mode": "full_circle",
  "dist_m": 0.8,
  "curr_mA": 400.0,
  "regime_id": "dist_0p8m__curr_400mA",
  "n_samples": 900000,
  "skip_samples": 100000,
  "lag_samples": 439,
  "phase_rad": -3.122429609298706,
  "p_tx": 0.667182445526123,
  "p_rx_raw": 0.053269606083631516,
  "p_rx_sync": 0.05326998978853226,
  "p_rx_norm": 0.5587653517723083,
  "factor_ref": 3.2387198587481496,
  "evm_pct": 14.896317247413549,
  "evm_dB": -16.53842174157534,
  "snr_dB": 16.53842174157534,
  "noise_power": 0.014804796315729618,
  "var_I": 0.0070937345751453315,
  "var_Q": 0.007089344430606134,
  "log_var_I": -4.948543338731677,
  "log_var_Q": -4.9491624066615145,
  "skew_I": 0.003065870301573211,
  "skew_Q": -0.0019391177243041127,
  "kurt_excess_I": -0.1324664324321927,
  "kurt_excess_Q": -0.1278473027439504
}