{
  "exp_dir": "C:\\Users\\rodrigo.miranda\\UFSM (rodrigo.miranda@acad.ufsm.br)\\Doutorado\\IA\\1-Data\\Dataraw\\FULLSQUARE_ORGANIZED_2026\\dist_1.0m\\curr_300mA\\full_square_1m_300mA_001_20260210_154725",
  "dist_m": 1.0,
  "curr_mA": 300.0,
  "regime_id": "dist_1p0m__curr_300mA",
  "n_samples": 899518,
  "skip_samples": 100000,
  "lag_samples": 482,
  "phase_rad": 0.9608492255210876,
  "p_tx": 0.6662975549697876,
  "p_rx_raw": 0.020311124622821808,
  "p_rx_sync": 0.02031119540333748,
  "p_rx_norm": 0.3822191655635834,
  "factor_ref": 4.337989361460874,
  "jb_p_real_residual": 4.1022220382758175e-45,
  "jb_p_imag_residual": 4.314712519683965e-37,
  "evm_pct": 30.556629,
  "evm_dB": -10.297891,
  "snr_dB": 10.297891,
  "noise_power": 0.0622127056,
  "var_I": 0.030572824,
  "var_Q": 0.0305264915,
  "log_var_I": -3.487644,
  "log_var_Q": -3.48916,
  "skew_I": -0.001032,
  "skew_Q": 0.002964,
  "kurt_excess_I": -0.654616,
  "kurt_excess_Q": -0.65528,
  "gain_dB": -2.413558
}