{
  "exp_dir": "C:\\Users\\rodrigo.miranda\\UFSM (rodrigo.miranda@acad.ufsm.br)\\Doutorado\\IA\\1-Data\\Dataraw\\FULL_CIRCLE_ORGANIZED_2026\\dist_1.5m\\curr_100mA\\full_circle_1.5m_100mA_001_20260415_154805",
  "dataset_mode": "full_circle",
  "dist_m": 1.5,
  "curr_mA": 100.0,
  "regime_id": "dist_1p5m__curr_100mA",
  "n_samples": 900000,
  "skip_samples": 100000,
  "lag_samples": 434,
  "phase_rad": -2.3349342346191406,
  "p_tx": 0.6662259697914124,
  "p_rx_raw": 0.005746395327150822,
  "p_rx_sync": 0.005746355280280113,
  "p_rx_norm": 0.060275278985500336,
  "factor_ref": 3.2387198587481496,
  "evm_pct": 73.37452715530047,
  "evm_dB": -2.689093688857411,
  "snr_dB": 2.6890936888574117,
  "noise_power": 0.35868415236473083,
  "var_I": 0.17898298124250692,
  "var_Q": 0.1791150146771659,
  "log_var_I": -1.7204645545189763,
  "log_var_Q": -1.7197271393859874,
  "skew_I": -0.0007001682428912806,
  "skew_Q": 0.0004749498098997066,
  "kurt_excess_I": -0.9338666266056515,
  "kurt_excess_Q": -0.9331898524250097
}