{
  "exp_dir": "C:\\Users\\rodrigo.miranda\\UFSM (rodrigo.miranda@acad.ufsm.br)\\Doutorado\\IA\\1-Data\\Dataraw\\FULLSQUARE_ORGANIZED_2026\\dist_1.0m\\curr_200mA\\full_square_1m_200mA_001_20260210_154319",
  "dist_m": 1.0,
  "curr_mA": 200.0,
  "regime_id": "dist_1p0m__curr_200mA",
  "n_samples": 899502,
  "skip_samples": 100000,
  "lag_samples": 498,
  "phase_rad": 2.5207161903381348,
  "p_tx": 0.6663863658905029,
  "p_rx_raw": 0.02089470438659191,
  "p_rx_sync": 0.020895887166261673,
  "p_rx_norm": 0.3932221531867981,
  "factor_ref": 4.337989361460874,
  "jb_p_real_residual": 1.4601178407405058e-36,
  "jb_p_imag_residual": 2.9565161613472287e-34,
  "evm_pct": 29.520486,
  "evm_dB": -10.59753,
  "snr_dB": 10.59753,
  "noise_power": 0.0580728464,
  "var_I": 0.028522298,
  "var_Q": 0.028466523,
  "log_var_I": -3.557069,
  "log_var_Q": -3.559027,
  "skew_I": 0.000116,
  "skew_Q": 0.001811,
  "kurt_excess_I": -0.622697,
  "kurt_excess_Q": -0.627198,
  "gain_dB": -2.290881
}