{
  "exp_dir": "C:\\Users\\rodrigo.miranda\\UFSM (rodrigo.miranda@acad.ufsm.br)\\Doutorado\\IA\\1-Data\\Dataraw\\FULLSQUARE_ORGANIZED_2026\\dist_0.8m\\curr_600mA\\full_square_0.8m_600mA_001_20260211_155126",
  "dist_m": 0.8,
  "curr_mA": 600.0,
  "regime_id": "dist_0p8m__curr_600mA",
  "n_samples": 899501,
  "skip_samples": 100000,
  "lag_samples": 499,
  "phase_rad": -0.0760718509554863,
  "p_tx": 0.6666897535324097,
  "p_rx_raw": 0.02521810680627823,
  "p_rx_sync": 0.02521851658821106,
  "p_rx_norm": 0.4745658338069916,
  "factor_ref": 4.337989361460874,
  "jb_p_real_residual": 3.031037452787799e-15,
  "jb_p_imag_residual": 6.251021924511822e-17,
  "evm_pct": 23.058626,
  "evm_dB": -12.743331,
  "snr_dB": 12.743331,
  "noise_power": 0.0354479104,
  "var_I": 0.0171417796,
  "var_Q": 0.0171639725,
  "log_var_I": -4.066237,
  "log_var_Q": -4.064943,
  "skew_I": -0.001865,
  "skew_Q": 0.000374,
  "kurt_excess_I": -0.386757,
  "kurt_excess_Q": -0.381657,
  "gain_dB": -1.476273
}