{
  "exp_dir": "C:\\Users\\rodrigo.miranda\\UFSM (rodrigo.miranda@acad.ufsm.br)\\Doutorado\\IA\\1-Data\\Dataraw\\FULLSQUARE_ORGANIZED_2026\\dist_0.8m\\curr_700mA\\full_square_0.8m_700mA_001_20260211_155532",
  "dist_m": 0.8,
  "curr_mA": 700.0,
  "regime_id": "dist_0p8m__curr_700mA",
  "n_samples": 899508,
  "skip_samples": 100000,
  "lag_samples": 492,
  "phase_rad": 1.4804201126098633,
  "p_tx": 0.6667514443397522,
  "p_rx_raw": 0.022937601432204247,
  "p_rx_sync": 0.022937295958399773,
  "p_rx_norm": 0.4316374659538269,
  "factor_ref": 4.337989361460874,
  "jb_p_real_residual": 8.398166073020472e-27,
  "jb_p_imag_residual": 1.715196337220617e-27,
  "evm_pct": 26.089908,
  "evm_dB": -11.670549,
  "snr_dB": 11.670549,
  "noise_power": 0.0453846566,
  "var_I": 0.0221643382,
  "var_Q": 0.0221241112,
  "log_var_I": -3.809271,
  "log_var_Q": -3.811087,
  "skew_I": 0.00064,
  "skew_Q": 0.002496,
  "kurt_excess_I": -0.535993,
  "kurt_excess_Q": -0.537987,
  "gain_dB": -1.888448
}