{
  "exp_dir": "H:\\Meu Drive\\Doutorado\\IA\\1-Data\\Dataraw\\16QAM_ORGANIZED_2026\\dist_1.0m\\curr_300mA\\16QAM_1m_300mA_001_20260210_163111",
  "dist_m": 1.0,
  "curr_mA": 300.0,
  "regime_id": "dist_1p0m__curr_300mA",
  "n_samples": 1799515,
  "skip_samples": 200000,
  "lag_samples": 485,
  "phase_rad": 0.15327990055084229,
  "p_tx": 0.5553494691848755,
  "p_rx_raw": 0.017150525003671646,
  "p_rx_sync": 0.017150219529867172,
  "p_rx_norm": 0.3185681998729706,
  "factor_ref": 4.309891182022685,
  "jb_p_real_residual": 2.9911856598839525e-41,
  "jb_p_imag_residual": 9.247837573717848e-42,
  "evm_pct": 31.646643,
  "evm_dB": -9.993447,
  "snr_dB": 9.993447,
  "noise_power": 0.0556188039,
  "var_I": 0.0272411391,
  "var_Q": 0.027255735,
  "log_var_I": -3.603027,
  "log_var_Q": -3.602491,
  "skew_I": 0.001092,
  "skew_Q": 0.001492,
  "kurt_excess_I": -0.679574,
  "kurt_excess_Q": -0.680702,
  "gain_dB": -2.413639
}