{
  "exp_dir": "C:\\Users\\rodrigo.miranda\\UFSM (rodrigo.miranda@acad.ufsm.br)\\Doutorado\\IA\\1-Data\\Dataraw\\FULL_CIRCLE_ORGANIZED_2026\\dist_0.8m\\curr_800mA\\full_circle_0.8m_800mA_001_20260415_153258",
  "dataset_mode": "full_circle",
  "dist_m": 0.8,
  "curr_mA": 800.0,
  "regime_id": "dist_0p8m__curr_800mA",
  "n_samples": 900000,
  "skip_samples": 100000,
  "lag_samples": 441,
  "phase_rad": 0.17664575576782227,
  "p_tx": 0.6668246984481812,
  "p_rx_raw": 0.0393628291785717,
  "p_rx_sync": 0.03936237841844559,
  "p_rx_norm": 0.41288405656814575,
  "factor_ref": 3.2387198587481496,
  "evm_pct": 25.09385097490971,
  "evm_dB": -12.00865370968498,
  "snr_dB": 12.008653709684978,
  "noise_power": 0.041990041732788086,
  "var_I": 0.020672054990978964,
  "var_Q": 0.020705458622547118,
  "log_var_I": -3.878972491218158,
  "log_var_Q": -3.8773579119016377,
  "skew_I": -0.0032968945219959997,
  "skew_Q": 0.0026248584059741275,
  "kurt_excess_I": -0.6122623640134508,
  "kurt_excess_Q": -0.6166008994164485
}