{
  "exp_dir": "C:\\Users\\rodrigo.miranda\\UFSM (rodrigo.miranda@acad.ufsm.br)\\Doutorado\\IA\\1-Data\\Dataraw\\FULLSQUARE_ORGANIZED_2026\\dist_1.5m\\curr_300mA\\full_square_1.5m_300mA_001_20260210_182523",
  "dist_m": 1.5,
  "curr_mA": 300.0,
  "regime_id": "dist_1p5m__curr_300mA",
  "n_samples": 899504,
  "skip_samples": 100000,
  "lag_samples": 496,
  "phase_rad": 2.471362352371216,
  "p_tx": 0.666544497013092,
  "p_rx_raw": 0.004915787372738123,
  "p_rx_sync": 0.004915672820061445,
  "p_rx_norm": 0.09250388294458389,
  "factor_ref": 4.337989361460874,
  "jb_p_real_residual": 1.5887520321735682e-104,
  "jb_p_imag_residual": 9.811751834247291e-110,
  "evm_pct": 68.107317,
  "evm_dB": -3.336124,
  "snr_dB": 3.336124,
  "noise_power": 0.3091837764,
  "var_I": 0.1540102924,
  "var_Q": 0.1541153381,
  "log_var_I": -1.870736,
  "log_var_Q": -1.870054,
  "skew_I": 0.00413,
  "skew_Q": 0.000238,
  "kurt_excess_I": -1.083455,
  "kurt_excess_Q": -1.081552,
  "gain_dB": -8.576692
}