{
  "exp_dir": "C:\\Users\\rodrigo.miranda\\UFSM (rodrigo.miranda@acad.ufsm.br)\\Doutorado\\IA\\1-Data\\Dataraw\\FULLSQUARE_ORGANIZED_2026\\dist_0.8m\\curr_400mA\\full_square_0.8m_400mA_001_20260211_154314",
  "dist_m": 0.8,
  "curr_mA": 400.0,
  "regime_id": "dist_0p8m__curr_400mA",
  "n_samples": 899537,
  "skip_samples": 100000,
  "lag_samples": 463,
  "phase_rad": -2.5171244144439697,
  "p_tx": 0.6661453247070312,
  "p_rx_raw": 0.03165211156010628,
  "p_rx_sync": 0.03165303170681,
  "p_rx_norm": 0.5956516861915588,
  "factor_ref": 4.337989361460874,
  "jb_p_real_residual": 0.14356703268072954,
  "jb_p_imag_residual": 0.16084962883428636,
  "evm_pct": 17.356662,
  "evm_dB": -15.210676,
  "snr_dB": 15.210676,
  "noise_power": 0.0200678762,
  "var_I": 0.0094942794,
  "var_Q": 0.0094686406,
  "log_var_I": -4.657066,
  "log_var_Q": -4.65977,
  "skew_I": 0.0034,
  "skew_Q": -0.001867,
  "kurt_excess_I": -0.047413,
  "kurt_excess_Q": -0.045941,
  "gain_dB": -0.485766
}