{
  "exp_dir": "H:\\Meu Drive\\Doutorado\\IA\\1-Data\\Dataraw\\16QAM_ORGANIZED_2026\\dist_1.0m\\curr_700mA\\16QAM_1m_700mA_001_20260210_164734",
  "dist_m": 1.0,
  "curr_mA": 700.0,
  "regime_id": "dist_1p0m__curr_700mA",
  "n_samples": 1799509,
  "skip_samples": 200000,
  "lag_samples": 491,
  "phase_rad": 1.817192554473877,
  "p_tx": 0.5557084679603577,
  "p_rx_raw": 0.011457550339400768,
  "p_rx_sync": 0.011457512155175209,
  "p_rx_norm": 0.21282519400119781,
  "factor_ref": 4.309891182022685,
  "jb_p_real_residual": 7.426326754716626e-92,
  "jb_p_imag_residual": 2.8396629103128063e-93,
  "evm_pct": 43.802243,
  "evm_dB": -7.170073,
  "snr_dB": 7.170073,
  "noise_power": 0.1066202521,
  "var_I": 0.0527766676,
  "var_Q": 0.052757153,
  "log_var_I": -2.941686,
  "log_var_Q": -2.942056,
  "skew_I": 0.00075,
  "skew_Q": 0.000386,
  "kurt_excess_I": -1.012743,
  "kurt_excess_Q": -1.010688,
  "gain_dB": -4.16824
}