{
  "exp_dir": "C:\\Users\\rodrigo.miranda\\UFSM (rodrigo.miranda@acad.ufsm.br)\\Doutorado\\IA\\1-Data\\Dataraw\\FULLSQUARE_ORGANIZED_2026\\dist_1.5m\\curr_200mA\\full_square_1.5m_200mA_001_20260210_182117",
  "dist_m": 1.5,
  "curr_mA": 200.0,
  "regime_id": "dist_1p5m__curr_200mA",
  "n_samples": 899477,
  "skip_samples": 100000,
  "lag_samples": 523,
  "phase_rad": 0.6269429922103882,
  "p_tx": 0.6672626733779907,
  "p_rx_raw": 0.005008303094655275,
  "p_rx_sync": 0.00500829890370369,
  "p_rx_norm": 0.09424690157175064,
  "factor_ref": 4.337989361460874,
  "jb_p_real_residual": 2.674693803117854e-111,
  "jb_p_imag_residual": 2.225428033512105e-107,
  "evm_pct": 67.615835,
  "evm_dB": -3.399032,
  "snr_dB": 3.399032,
  "noise_power": 0.3050659001,
  "var_I": 0.1521227687,
  "var_Q": 0.1518794291,
  "log_var_I": -1.883067,
  "log_var_Q": -1.884668,
  "skew_I": 0.002899,
  "skew_Q": 1.7e-05,
  "kurt_excess_I": -1.084191,
  "kurt_excess_Q": -1.084161,
  "gain_dB": -8.500297
}