{
  "exp_dir": "C:\\Users\\rodrigo.miranda\\UFSM (rodrigo.miranda@acad.ufsm.br)\\Doutorado\\IA\\1-Data\\Dataraw\\FULL_CIRCLE_ORGANIZED_2026\\dist_1.0m\\curr_200mA\\full_circle_1m_200mA_001_20260415_150902",
  "dataset_mode": "full_circle",
  "dist_m": 1.0,
  "curr_mA": 200.0,
  "regime_id": "dist_1p0m__curr_200mA",
  "n_samples": 900000,
  "skip_samples": 100000,
  "lag_samples": 425,
  "phase_rad": 1.6434043645858765,
  "p_tx": 0.6671212911605835,
  "p_rx_raw": 0.028255091980099678,
  "p_rx_sync": 0.028255481272935867,
  "p_rx_norm": 0.2963804304599762,
  "factor_ref": 3.2387198587481496,
  "evm_pct": 36.44032586414615,
  "evm_dB": -8.768354960892008,
  "snr_dB": 8.76835496089201,
  "noise_power": 0.08858685940504074,
  "var_I": 0.04396840026968291,
  "var_Q": 0.04402558848980033,
  "log_var_I": -3.1242840787646,
  "log_var_Q": -3.1229842575160025,
  "skew_I": 0.0018827486430162668,
  "skew_Q": -0.0011166735019887595,
  "kurt_excess_I": -0.7998729260096265,
  "kurt_excess_Q": -0.8029968468258373
}