{
  "exp_dir": "C:\\Users\\rodrigo.miranda\\UFSM (rodrigo.miranda@acad.ufsm.br)\\Doutorado\\IA\\1-Data\\Dataraw\\FULL_CIRCLE_ORGANIZED_2026\\dist_1.0m\\curr_700mA\\full_circle_1m_700mA_001_20260415_151429",
  "dataset_mode": "full_circle",
  "dist_m": 1.0,
  "curr_mA": 700.0,
  "regime_id": "dist_1p0m__curr_700mA",
  "n_samples": 900000,
  "skip_samples": 100000,
  "lag_samples": 440,
  "phase_rad": 0.17049570381641388,
  "p_tx": 0.6666437387466431,
  "p_rx_raw": 0.018695764243602753,
  "p_rx_sync": 0.018695738166570663,
  "p_rx_norm": 0.19610533118247986,
  "factor_ref": 3.2387198587481496,
  "evm_pct": 48.40457283925641,
  "evm_dB": -6.3022721617213575,
  "snr_dB": 6.3022721617213575,
  "noise_power": 0.156194806098938,
  "var_I": 0.07773911343825154,
  "var_Q": 0.07784067871995358,
  "log_var_I": -2.554396757813318,
  "log_var_Q": -2.5530911217185372,
  "skew_I": -9.064894218253875e-05,
  "skew_Q": -0.0014528553630275079,
  "kurt_excess_I": -0.8924578633915963,
  "kurt_excess_Q": -0.8939300617268526
}