{
  "exp_dir": "C:\\Users\\rodrigo.miranda\\UFSM (rodrigo.miranda@acad.ufsm.br)\\Doutorado\\IA\\1-Data\\Dataraw\\FULL_CIRCLE_ORGANIZED_2026\\dist_0.8m\\curr_100mA\\full_circle_0.8m_100mA_001_20260415_152526",
  "dataset_mode": "full_circle",
  "dist_m": 0.8,
  "curr_mA": 100.0,
  "regime_id": "dist_0p8m__curr_100mA",
  "n_samples": 900000,
  "skip_samples": 100000,
  "lag_samples": 448,
  "phase_rad": -1.6538259983062744,
  "p_tx": 0.6668624877929688,
  "p_rx_raw": 0.053499724715948105,
  "p_rx_sync": 0.053498078137636185,
  "p_rx_norm": 0.561157763004303,
  "factor_ref": 3.2387198587481496,
  "evm_pct": 15.19241973207634,
  "evm_dB": -16.36746099068866,
  "snr_dB": 16.36746099068866,
  "noise_power": 0.015391827560961246,
  "var_I": 0.007394535157477048,
  "var_Q": 0.007391497987578126,
  "log_var_I": -4.907014043824558,
  "log_var_Q": -4.907424859884801,
  "skew_I": 0.004893560675290654,
  "skew_Q": -0.0017745719808607262,
  "kurt_excess_I": -0.02469185294349563,
  "kurt_excess_Q": -0.025352585126688254
}