{
  "exp_dir": "H:\\Meu Drive\\Doutorado\\IA\\1-Data\\Dataraw\\16QAM_ORGANIZED_2026\\dist_0.8m\\curr_200mA\\16QAM_0.8m_200mA_001_20260211_161529",
  "dist_m": 0.8,
  "curr_mA": 200.0,
  "regime_id": "dist_0p8m__curr_200mA",
  "n_samples": 1799534,
  "skip_samples": 200000,
  "lag_samples": 466,
  "phase_rad": 2.971313714981079,
  "p_tx": 0.5555270314216614,
  "p_rx_raw": 0.029684191569685936,
  "p_rx_sync": 0.02968420833349228,
  "p_rx_norm": 0.5513890385627747,
  "factor_ref": 4.309891182022685,
  "jb_p_real_residual": 0.5614263555895644,
  "jb_p_imag_residual": 0.8672401982685529,
  "evm_pct": 17.486526,
  "evm_dB": -15.145929,
  "snr_dB": 15.145929,
  "noise_power": 0.0169868264,
  "var_I": 0.007946321,
  "var_Q": 0.0079388378,
  "log_var_I": -4.835046,
  "log_var_Q": -4.835988,
  "skew_I": 0.000188,
  "skew_Q": -0.001307,
  "kurt_excess_I": -0.016234,
  "kurt_excess_Q": -0.010987,
  "gain_dB": -0.032471
}