{
  "exp_dir": "C:\\Users\\rodrigo.miranda\\UFSM (rodrigo.miranda@acad.ufsm.br)\\Doutorado\\IA\\1-Data\\Dataraw\\FULLSQUARE_ORGANIZED_2026\\dist_0.8m\\curr_200mA\\full_square_0.8m_200mA_001_20260211_153502",
  "dist_m": 0.8,
  "curr_mA": 200.0,
  "regime_id": "dist_0p8m__curr_200mA",
  "n_samples": 899529,
  "skip_samples": 100000,
  "lag_samples": 471,
  "phase_rad": -1.1364823579788208,
  "p_tx": 0.6667376160621643,
  "p_rx_raw": 0.03479095175862312,
  "p_rx_sync": 0.034791845828294754,
  "p_rx_norm": 0.6547179222106934,
  "factor_ref": 4.337989361460874,
  "jb_p_real_residual": 0.9780301830594686,
  "jb_p_imag_residual": 0.8253872885115183,
  "evm_pct": 16.059954,
  "evm_dB": -15.885114,
  "snr_dB": 15.885114,
  "noise_power": 0.0171966385,
  "var_I": 0.0080679785,
  "var_Q": 0.0080425367,
  "log_var_I": -4.819852,
  "log_var_Q": -4.823011,
  "skew_I": 0.002653,
  "skew_Q": -0.001279,
  "kurt_excess_I": -0.024715,
  "kurt_excess_Q": -0.025043,
  "gain_dB": -0.079007
}