{
  "exp_dir": "H:\\Meu Drive\\Doutorado\\IA\\1-Data\\Dataraw\\16QAM_ORGANIZED_2026\\dist_0.8m\\curr_300mA\\16QAM_0.8m_300mA_001_20260211_161935",
  "dist_m": 0.8,
  "curr_mA": 300.0,
  "regime_id": "dist_0p8m__curr_300mA",
  "n_samples": 1799525,
  "skip_samples": 200000,
  "lag_samples": 475,
  "phase_rad": -2.6642005443573,
  "p_tx": 0.5552244782447815,
  "p_rx_raw": 0.02989061363041401,
  "p_rx_sync": 0.029890693724155426,
  "p_rx_norm": 0.5552247762680054,
  "factor_ref": 4.309891182022685,
  "jb_p_real_residual": 0.5213077660713936,
  "jb_p_imag_residual": 0.41070525636388067,
  "evm_pct": 17.766059,
  "evm_dB": -15.008178,
  "snr_dB": 15.008178,
  "noise_power": 0.0175247081,
  "var_I": 0.0082208446,
  "var_Q": 0.0082254818,
  "log_var_I": -4.801082,
  "log_var_Q": -4.800518,
  "skew_I": -0.001074,
  "skew_Q": 0.001047,
  "kurt_excess_I": -0.008145,
  "kurt_excess_Q": -0.015882,
  "gain_dB": 2e-06
}