{
  "exp_dir": "C:\\Users\\rodrigo.miranda\\UFSM (rodrigo.miranda@acad.ufsm.br)\\Doutorado\\IA\\1-Data\\Dataraw\\FULLSQUARE_ORGANIZED_2026\\dist_0.8m\\curr_800mA\\full_square_0.8m_800mA_001_20260211_155937",
  "dist_m": 0.8,
  "curr_mA": 800.0,
  "regime_id": "dist_0p8m__curr_800mA",
  "n_samples": 899507,
  "skip_samples": 100000,
  "lag_samples": 493,
  "phase_rad": -0.898658812046051,
  "p_tx": 0.6667391061782837,
  "p_rx_raw": 0.021322259679436684,
  "p_rx_sync": 0.021321894600987434,
  "p_rx_norm": 0.40123867988586426,
  "factor_ref": 4.337989361460874,
  "jb_p_real_residual": 8.012484437425592e-37,
  "jb_p_imag_residual": 5.484422012969645e-37,
  "evm_pct": 28.517949,
  "evm_dB": -10.897634,
  "snr_dB": 10.897634,
  "noise_power": 0.0542241186,
  "var_I": 0.0265424377,
  "var_Q": 0.0265721715,
  "log_var_I": -3.62901,
  "log_var_Q": -3.627891,
  "skew_I": 0.003,
  "skew_Q": 0.000827,
  "kurt_excess_I": -0.624026,
  "kurt_excess_Q": -0.619787,
  "gain_dB": -2.205531
}