{
  "exp_dir": "H:\\Meu Drive\\Doutorado\\IA\\1-Data\\Dataraw\\16QAM_ORGANIZED_2026\\dist_1.5m\\curr_200mA\\16QAM_1.5m_200mA_001_20260210_185936",
  "dist_m": 1.5,
  "curr_mA": 200.0,
  "regime_id": "dist_1p5m__curr_200mA",
  "n_samples": 1799503,
  "skip_samples": 200000,
  "lag_samples": 497,
  "phase_rad": -0.6282843947410583,
  "p_tx": 0.5557599067687988,
  "p_rx_raw": 0.004298772197216749,
  "p_rx_sync": 0.0042988271452486515,
  "p_rx_norm": 0.0798514261841774,
  "factor_ref": 4.309891182022685,
  "jb_p_real_residual": 3.681926947582337e-133,
  "jb_p_imag_residual": 2.740990407982774e-133,
  "evm_pct": 68.22773,
  "evm_dB": -3.320782,
  "snr_dB": 3.320782,
  "noise_power": 0.2587075233,
  "var_I": 0.1288560275,
  "var_Q": 0.1287675641,
  "log_var_I": -2.04906,
  "log_var_Q": -2.049746,
  "skew_I": 0.000795,
  "skew_Q": 0.000276,
  "kurt_excess_I": -1.208331,
  "kurt_excess_Q": -1.208118,
  "gain_dB": -8.426045
}