{
  "exp_dir": "C:\\Users\\rodrigo.miranda\\UFSM (rodrigo.miranda@acad.ufsm.br)\\Doutorado\\IA\\1-Data\\Dataraw\\FULLSQUARE_ORGANIZED_2026\\dist_1.0m\\curr_100mA\\full_square_1m_100mA_001_20260210_153913",
  "dist_m": 1.0,
  "curr_mA": 100.0,
  "regime_id": "dist_1p0m__curr_100mA",
  "n_samples": 899501,
  "skip_samples": 100000,
  "lag_samples": 499,
  "phase_rad": 2.3639986515045166,
  "p_tx": 0.667091965675354,
  "p_rx_raw": 0.018617255613207817,
  "p_rx_sync": 0.018617626279592514,
  "p_rx_norm": 0.3503492474555969,
  "factor_ref": 4.337989361460874,
  "jb_p_real_residual": 9.291849618357086e-39,
  "jb_p_imag_residual": 4.809072551027421e-44,
  "evm_pct": 33.524897,
  "evm_dB": -9.492651,
  "snr_dB": 9.492651,
  "noise_power": 0.0749757141,
  "var_I": 0.0369310617,
  "var_Q": 0.0369266615,
  "log_var_I": -3.298702,
  "log_var_Q": -3.298821,
  "skew_I": -0.002474,
  "skew_Q": 0.00152,
  "kurt_excess_I": -0.688707,
  "kurt_excess_Q": -0.69469,
  "gain_dB": -2.796845
}