{
  "exp_dir": "C:\\Users\\rodrigo.miranda\\UFSM (rodrigo.miranda@acad.ufsm.br)\\Doutorado\\IA\\1-Data\\Dataraw\\FULL_CIRCLE_ORGANIZED_2026\\dist_1.0m\\curr_600mA\\full_circle_1m_600mA_001_20260415_151323",
  "dataset_mode": "full_circle",
  "dist_m": 1.0,
  "curr_mA": 600.0,
  "regime_id": "dist_1p0m__curr_600mA",
  "n_samples": 900000,
  "skip_samples": 100000,
  "lag_samples": 432,
  "phase_rad": -2.8707408905029297,
  "p_tx": 0.6667274832725525,
  "p_rx_raw": 0.02124696969985962,
  "p_rx_sync": 0.021246541291475296,
  "p_rx_norm": 0.22286149859428406,
  "factor_ref": 3.2387198587481496,
  "evm_pct": 44.97077917779898,
  "evm_dB": -6.941391752894241,
  "snr_dB": 6.941391752894241,
  "noise_power": 0.13483703136444092,
  "var_I": 0.06708325747565658,
  "var_Q": 0.06713828489794732,
  "log_var_I": -2.701820782149879,
  "log_var_Q": -2.7010008329166846,
  "skew_I": -0.002111679236552404,
  "skew_Q": 6.37690149838943e-05,
  "kurt_excess_I": -0.8697379946871244,
  "kurt_excess_Q": -0.8727707098227415
}