{
  "exp_dir": "C:\\Users\\rodrigo.miranda\\UFSM (rodrigo.miranda@acad.ufsm.br)\\Doutorado\\IA\\1-Data\\Dataraw\\FULLSQUARE_ORGANIZED_2026\\dist_1.0m\\curr_900mA\\full_square_1m_900mA_001_20260210_161159",
  "dist_m": 1.0,
  "curr_mA": 900.0,
  "regime_id": "dist_1p0m__curr_900mA",
  "n_samples": 899513,
  "skip_samples": 100000,
  "lag_samples": 487,
  "phase_rad": -2.4586567878723145,
  "p_tx": 0.666377604007721,
  "p_rx_raw": 0.011641100980341434,
  "p_rx_sync": 0.011640992015600204,
  "p_rx_norm": 0.21906186640262604,
  "factor_ref": 4.337989361460874,
  "jb_p_real_residual": 3.163756317737149e-83,
  "jb_p_imag_residual": 1.8955480850183446e-91,
  "evm_pct": 47.418733,
  "evm_dB": -6.481001,
  "snr_dB": 6.481001,
  "noise_power": 0.1498374194,
  "var_I": 0.0743942442,
  "var_Q": 0.0742874647,
  "log_var_I": -2.598377,
  "log_var_Q": -2.599813,
  "skew_I": -0.002071,
  "skew_Q": -0.000282,
  "kurt_excess_I": -0.971292,
  "kurt_excess_Q": -0.972846,
  "gain_dB": -4.831536
}