{
  "exp_dir": "C:\\Users\\rodrigo.miranda\\UFSM (rodrigo.miranda@acad.ufsm.br)\\Doutorado\\IA\\1-Data\\Dataraw\\FULL_CIRCLE_ORGANIZED_2026\\dist_1.5m\\curr_200mA\\full_circle_1.5m_200mA_001_20260415_154910",
  "dataset_mode": "full_circle",
  "dist_m": 1.5,
  "curr_mA": 200.0,
  "regime_id": "dist_1p5m__curr_200mA",
  "n_samples": 900000,
  "skip_samples": 100000,
  "lag_samples": 426,
  "phase_rad": -0.8293657302856445,
  "p_tx": 0.6669134497642517,
  "p_rx_raw": 0.006874287500977516,
  "p_rx_sync": 0.006874482613056898,
  "p_rx_norm": 0.07210855185985565,
  "factor_ref": 3.2387198587481496,
  "evm_pct": 70.36566304903515,
  "evm_dB": -3.0527843132351897,
  "snr_dB": 3.05278431323519,
  "noise_power": 0.3302106261253357,
  "var_I": 0.16462941920494592,
  "var_Q": 0.16497415170938645,
  "log_var_I": -1.8040582752094603,
  "log_var_Q": -1.8019664736601861,
  "skew_I": -2.7236406213459457e-05,
  "skew_Q": -0.0006477516384460394,
  "kurt_excess_I": -0.9437581888667679,
  "kurt_excess_Q": -0.946182859038613
}