{
  "exp_dir": "H:\\Meu Drive\\Doutorado\\IA\\1-Data\\Dataraw\\16QAM_ORGANIZED_2026\\dist_0.8m\\curr_900mA\\16QAM_0.8m_900mA_001_20260211_164411",
  "dist_m": 0.8,
  "curr_mA": 900.0,
  "regime_id": "dist_0p8m__curr_900mA",
  "n_samples": 1799529,
  "skip_samples": 200000,
  "lag_samples": 471,
  "phase_rad": -1.5054641962051392,
  "p_tx": 0.5555362105369568,
  "p_rx_raw": 0.017091795802116394,
  "p_rx_sync": 0.017091643065214157,
  "p_rx_norm": 0.31748005747795105,
  "factor_ref": 4.309891182022685,
  "jb_p_real_residual": 2.3140098787586507e-46,
  "jb_p_imag_residual": 9.654043664060938e-45,
  "evm_pct": 31.455394,
  "evm_dB": -10.046097,
  "snr_dB": 10.046097,
  "noise_power": 0.0549670756,
  "var_I": 0.0268973745,
  "var_Q": 0.026938159,
  "log_var_I": -3.615727,
  "log_var_Q": -3.614211,
  "skew_I": 0.000798,
  "skew_Q": -0.000267,
  "kurt_excess_I": -0.700024,
  "kurt_excess_Q": -0.703496,
  "gain_dB": -2.429959
}