{
  "exp_dir": "H:\\Meu Drive\\Doutorado\\IA\\1-Data\\Dataraw\\16QAM_ORGANIZED_2026\\dist_1.0m\\curr_400mA\\16QAM_1m_400mA_001_20260210_163517",
  "dist_m": 1.0,
  "curr_mA": 400.0,
  "regime_id": "dist_1p0m__curr_400mA",
  "n_samples": 1799508,
  "skip_samples": 200000,
  "lag_samples": 492,
  "phase_rad": -2.902625560760498,
  "p_tx": 0.555770993232727,
  "p_rx_raw": 0.01673225313425064,
  "p_rx_sync": 0.01673206128180027,
  "p_rx_norm": 0.31080085039138794,
  "factor_ref": 4.309891182022685,
  "jb_p_real_residual": 4.0624259244763893e-44,
  "jb_p_imag_residual": 1.668749412543184e-45,
  "evm_pct": 32.629956,
  "evm_dB": -9.72767,
  "snr_dB": 9.72767,
  "noise_power": 0.0591737181,
  "var_I": 0.0290767962,
  "var_Q": 0.0290595379,
  "log_var_I": -3.537815,
  "log_var_Q": -3.538409,
  "skew_I": -0.001075,
  "skew_Q": 0.000865,
  "kurt_excess_I": -0.702506,
  "kurt_excess_Q": -0.69675,
  "gain_dB": -2.524137
}