{
  "exp_dir": "C:\\Users\\rodrigo.miranda\\UFSM (rodrigo.miranda@acad.ufsm.br)\\Doutorado\\IA\\1-Data\\Dataraw\\FULL_CIRCLE_ORGANIZED_2026\\dist_1.5m\\curr_500mA\\full_circle_1.5m_500mA_001_20260415_155227",
  "dataset_mode": "full_circle",
  "dist_m": 1.5,
  "curr_mA": 500.0,
  "regime_id": "dist_1p5m__curr_500mA",
  "n_samples": 900000,
  "skip_samples": 100000,
  "lag_samples": 433,
  "phase_rad": -2.852881669998169,
  "p_tx": 0.666598916053772,
  "p_rx_raw": 0.005677095148712397,
  "p_rx_sync": 0.005676999222487211,
  "p_rx_norm": 0.0595477856695652,
  "factor_ref": 3.2387198587481496,
  "evm_pct": 73.53492304802404,
  "evm_dB": -2.670127154380029,
  "snr_dB": 2.670127154380029,
  "noise_power": 0.3604556918144226,
  "var_I": 0.17991367857068247,
  "var_Q": 0.17991215604896682,
  "log_var_I": -1.7152781066154854,
  "log_var_Q": -1.7152865691635804,
  "skew_I": 0.0021353949716548374,
  "skew_Q": -0.0005821094903461943,
  "kurt_excess_I": -0.9495592078691502,
  "kurt_excess_Q": -0.948534799143959
}