{
  "exp_dir": "H:\\Meu Drive\\Doutorado\\IA\\1-Data\\Dataraw\\16QAM_ORGANIZED_2026\\dist_1.0m\\curr_500mA\\16QAM_1m_500mA_001_20260210_163923",
  "dist_m": 1.0,
  "curr_mA": 500.0,
  "regime_id": "dist_1p0m__curr_500mA",
  "n_samples": 1799511,
  "skip_samples": 200000,
  "lag_samples": 489,
  "phase_rad": -0.9346113801002502,
  "p_tx": 0.555497944355011,
  "p_rx_raw": 0.014716886915266514,
  "p_rx_sync": 0.01471693441271782,
  "p_rx_norm": 0.2733694016933441,
  "factor_ref": 4.309891182022685,
  "jb_p_real_residual": 1.837408193688589e-71,
  "jb_p_imag_residual": 4.56788965414016e-63,
  "evm_pct": 36.527456,
  "evm_dB": -8.747611,
  "snr_dB": 8.747611,
  "noise_power": 0.0741175935,
  "var_I": 0.0365241705,
  "var_Q": 0.036489286,
  "log_var_I": -3.309781,
  "log_var_Q": -3.310737,
  "skew_I": 0.000249,
  "skew_Q": -0.001507,
  "kurt_excess_I": -0.834473,
  "kurt_excess_Q": -0.835212,
  "gain_dB": -3.079326
}