{
  "exp_dir": "H:\\Meu Drive\\Doutorado\\IA\\1-Data\\Dataraw\\16QAM_ORGANIZED_2026\\dist_0.8m\\curr_400mA\\16QAM_0.8m_400mA_001_20260211_162341",
  "dist_m": 0.8,
  "curr_mA": 400.0,
  "regime_id": "dist_0p8m__curr_400mA",
  "n_samples": 1799857,
  "skip_samples": 200000,
  "lag_samples": 143,
  "phase_rad": 2.83034610748291,
  "p_tx": 0.5554750561714172,
  "p_rx_raw": 0.02673874981701374,
  "p_rx_sync": 0.026738932356238365,
  "p_rx_norm": 0.49668002128601074,
  "factor_ref": 4.309891182022685,
  "jb_p_real_residual": 0.3239449224477189,
  "jb_p_imag_residual": 0.06174578313712666,
  "evm_pct": 18.839893,
  "evm_dB": -14.498431,
  "snr_dB": 14.498431,
  "noise_power": 0.0197161194,
  "var_I": 0.0093221382,
  "var_Q": 0.0093029654,
  "log_var_I": -4.675363,
  "log_var_Q": -4.677422,
  "skew_I": 0.003172,
  "skew_Q": 0.000962,
  "kurt_excess_I": -0.039274,
  "kurt_excess_Q": -0.044226,
  "gain_dB": -0.485879
}