{
  "exp_dir": "C:\\Users\\rodrigo.miranda\\UFSM (rodrigo.miranda@acad.ufsm.br)\\Doutorado\\IA\\1-Data\\Dataraw\\FULL_CIRCLE_ORGANIZED_2026\\dist_0.8m\\curr_500mA\\full_circle_0.8m_500mA_001_20260415_152944",
  "dataset_mode": "full_circle",
  "dist_m": 0.8,
  "curr_mA": 500.0,
  "regime_id": "dist_0p8m__curr_500mA",
  "n_samples": 900000,
  "skip_samples": 100000,
  "lag_samples": 427,
  "phase_rad": 2.7459568977355957,
  "p_tx": 0.6669941544532776,
  "p_rx_raw": 0.047914136201143265,
  "p_rx_sync": 0.04791535437107086,
  "p_rx_norm": 0.5025988817214966,
  "factor_ref": 3.2387198587481496,
  "evm_pct": 18.16415563649455,
  "evm_dB": -14.815695711526695,
  "snr_dB": 14.815695711526695,
  "noise_power": 0.022006575018167496,
  "var_I": 0.01068127558432198,
  "var_Q": 0.010690078292069936,
  "log_var_I": -4.539263015847819,
  "log_var_Q": -4.538439230111391,
  "skew_I": -0.0029222918814282507,
  "skew_Q": -0.0004997402506670773,
  "kurt_excess_I": -0.355888736853462,
  "kurt_excess_Q": -0.3514610190048648
}