{
  "exp_dir": "H:\\Meu Drive\\Doutorado\\IA\\1-Data\\Dataraw\\16QAM_ORGANIZED_2026\\dist_1.5m\\curr_100mA\\16QAM_1.5m_100mA_001_20260210_185530",
  "dist_m": 1.5,
  "curr_mA": 100.0,
  "regime_id": "dist_1p5m__curr_100mA",
  "n_samples": 1799527,
  "skip_samples": 200000,
  "lag_samples": 473,
  "phase_rad": 2.0365347862243652,
  "p_tx": 0.5552842020988464,
  "p_rx_raw": 0.003841761499643326,
  "p_rx_sync": 0.0038417293690145016,
  "p_rx_norm": 0.0713607594370842,
  "factor_ref": 4.309891182022685,
  "jb_p_real_residual": 8.063581130355441e-135,
  "jb_p_imag_residual": 9.621064983283104e-135,
  "evm_pct": 70.47054,
  "evm_dB": -3.039848,
  "snr_dB": 3.039848,
  "noise_power": 0.2757595181,
  "var_I": 0.1373083285,
  "var_Q": 0.137408508,
  "log_var_I": -1.985526,
  "log_var_Q": -1.984797,
  "skew_I": 0.00186,
  "skew_Q": -0.000161,
  "kurt_excess_I": -1.213393,
  "kurt_excess_Q": -1.213581,
  "gain_dB": -8.910559
}