{
  "exp_dir": "H:\\Meu Drive\\Doutorado\\IA\\1-Data\\Dataraw\\16QAM_ORGANIZED_2026\\dist_0.8m\\curr_700mA\\16QAM_0.8m_700mA_001_20260211_163559",
  "dist_m": 0.8,
  "curr_mA": 700.0,
  "regime_id": "dist_0p8m__curr_700mA",
  "n_samples": 1799496,
  "skip_samples": 200000,
  "lag_samples": 504,
  "phase_rad": -0.3419870138168335,
  "p_tx": 0.5555697679519653,
  "p_rx_raw": 0.01914829947054386,
  "p_rx_sync": 0.019148504361510277,
  "p_rx_norm": 0.3556867241859436,
  "factor_ref": 4.309891182022685,
  "jb_p_real_residual": 6.314582194008832e-32,
  "jb_p_imag_residual": 4.1063381122682356e-26,
  "evm_pct": 27.550901,
  "evm_dB": -11.197284,
  "snr_dB": 11.197284,
  "noise_power": 0.0421706438,
  "var_I": 0.0205301801,
  "var_Q": 0.0205470027,
  "log_var_I": -3.885859,
  "log_var_Q": -3.88504,
  "skew_I": 0.001274,
  "skew_Q": 0.000274,
  "kurt_excess_I": -0.559983,
  "kurt_excess_Q": -0.561552,
  "gain_dB": -1.936709
}