{
  "exp_dir": "C:\\Users\\rodrigo.miranda\\UFSM (rodrigo.miranda@acad.ufsm.br)\\Doutorado\\IA\\1-Data\\Dataraw\\FULLSQUARE_ORGANIZED_2026\\dist_0.8m\\curr_900mA\\full_square_0.8m_900mA_001_20260211_160343",
  "dist_m": 0.8,
  "curr_mA": 900.0,
  "regime_id": "dist_0p8m__curr_900mA",
  "n_samples": 899515,
  "skip_samples": 100000,
  "lag_samples": 485,
  "phase_rad": 3.0792694091796875,
  "p_tx": 0.6670897006988525,
  "p_rx_raw": 0.020329199731349945,
  "p_rx_sync": 0.0203297957777977,
  "p_rx_norm": 0.38256925344467163,
  "factor_ref": 4.337989361460874,
  "jb_p_real_residual": 2.036440718085233e-42,
  "jb_p_imag_residual": 8.760855942767958e-42,
  "evm_pct": 30.260647,
  "evm_dB": -10.382436,
  "snr_dB": 10.382436,
  "noise_power": 0.0610858537,
  "var_I": 0.0299931723,
  "var_Q": 0.0299524251,
  "log_var_I": -3.506786,
  "log_var_Q": -3.508145,
  "skew_I": -0.000195,
  "skew_Q": -0.001292,
  "kurt_excess_I": -0.666755,
  "kurt_excess_Q": -0.67136,
  "gain_dB": -2.414742
}