{
  "exp_dir": "C:\\Users\\rodrigo.miranda\\UFSM (rodrigo.miranda@acad.ufsm.br)\\Doutorado\\IA\\1-Data\\Dataraw\\FULLSQUARE_ORGANIZED_2026\\dist_1.0m\\curr_500mA\\full_square_1m_500mA_001_20260210_155537",
  "dist_m": 1.0,
  "curr_mA": 500.0,
  "regime_id": "dist_1p0m__curr_500mA",
  "n_samples": 899496,
  "skip_samples": 100000,
  "lag_samples": 504,
  "phase_rad": -2.3214027881622314,
  "p_tx": 0.666659951210022,
  "p_rx_raw": 0.017636630684137344,
  "p_rx_sync": 0.017637306824326515,
  "p_rx_norm": 0.33190134167671204,
  "factor_ref": 4.337989361460874,
  "jb_p_real_residual": 1.677112942516119e-52,
  "jb_p_imag_residual": 5.072251320224396e-54,
  "evm_pct": 35.158112,
  "evm_dB": -9.079489,
  "snr_dB": 9.079489,
  "noise_power": 0.0824053586,
  "var_I": 0.0406545701,
  "var_Q": 0.0406598507,
  "log_var_I": -3.202644,
  "log_var_Q": -3.202514,
  "skew_I": -0.001791,
  "skew_Q": -0.000536,
  "kurt_excess_I": -0.774429,
  "kurt_excess_Q": -0.773962,
  "gain_dB": -3.028954
}