{
  "exp_dir": "C:\\Users\\rodrigo.miranda\\UFSM (rodrigo.miranda@acad.ufsm.br)\\Doutorado\\IA\\1-Data\\Dataraw\\FULLSQUARE_ORGANIZED_2026\\dist_1.0m\\curr_400mA\\full_square_1m_400mA_001_20260210_155131",
  "dist_m": 1.0,
  "curr_mA": 400.0,
  "regime_id": "dist_1p0m__curr_400mA",
  "n_samples": 899525,
  "skip_samples": 100000,
  "lag_samples": 475,
  "phase_rad": -2.28129243850708,
  "p_tx": 0.6663486957550049,
  "p_rx_raw": 0.01994074136018753,
  "p_rx_sync": 0.019941428676247597,
  "p_rx_norm": 0.37526077032089233,
  "factor_ref": 4.337989361460874,
  "jb_p_real_residual": 6.688381689127238e-39,
  "jb_p_imag_residual": 4.156634382776547e-40,
  "evm_pct": 31.359442,
  "evm_dB": -10.072633,
  "snr_dB": 10.072633,
  "noise_power": 0.0655297041,
  "var_I": 0.0322280278,
  "var_Q": 0.0322149117,
  "log_var_I": -3.434919,
  "log_var_Q": -3.435326,
  "skew_I": 0.000381,
  "skew_Q": -0.001253,
  "kurt_excess_I": -0.661845,
  "kurt_excess_Q": -0.665585,
  "gain_dB": -2.493684
}