{
  "exp_dir": "C:\\Users\\rodrigo.miranda\\UFSM (rodrigo.miranda@acad.ufsm.br)\\Doutorado\\IA\\1-Data\\Dataraw\\FULLSQUARE_ORGANIZED_2026\\dist_1.5m\\curr_600mA\\full_square_1.5m_600mA_001_20260210_183741",
  "dist_m": 1.5,
  "curr_mA": 600.0,
  "regime_id": "dist_1p5m__curr_600mA",
  "n_samples": 899511,
  "skip_samples": 100000,
  "lag_samples": 489,
  "phase_rad": 2.733334541320801,
  "p_tx": 0.6664150953292847,
  "p_rx_raw": 0.004212874453514814,
  "p_rx_sync": 0.00421281810849905,
  "p_rx_norm": 0.0792774111032486,
  "factor_ref": 4.337989361460874,
  "jb_p_real_residual": 1.5473416746928516e-112,
  "jb_p_imag_residual": 1.6232820308277708e-108,
  "evm_pct": 71.264975,
  "evm_dB": -2.942477,
  "snr_dB": 2.942477,
  "noise_power": 0.3384520113,
  "var_I": 0.168765637,
  "var_Q": 0.1685910326,
  "log_var_I": -1.779244,
  "log_var_Q": -1.780279,
  "skew_I": -0.000197,
  "skew_Q": 0.001789,
  "kurt_excess_I": -1.0894,
  "kurt_excess_Q": -1.089489,
  "gain_dB": -9.245954
}