{
  "exp_dir": "C:\\Users\\rodrigo.miranda\\UFSM (rodrigo.miranda@acad.ufsm.br)\\Doutorado\\IA\\1-Data\\Dataraw\\FULL_CIRCLE_ORGANIZED_2026\\dist_1.0m\\curr_300mA\\full_circle_1m_300mA_001_20260415_151008",
  "dataset_mode": "full_circle",
  "dist_m": 1.0,
  "curr_mA": 300.0,
  "regime_id": "dist_1p0m__curr_300mA",
  "n_samples": 900000,
  "skip_samples": 100000,
  "lag_samples": 448,
  "phase_rad": -2.2416276931762695,
  "p_tx": 0.6671624779701233,
  "p_rx_raw": 0.02642137184739113,
  "p_rx_sync": 0.0264209546148777,
  "p_rx_norm": 0.27713748812675476,
  "factor_ref": 3.2387198587481496,
  "evm_pct": 38.4936131192826,
  "evm_dB": -8.292226457701947,
  "snr_dB": 8.292226457701947,
  "noise_power": 0.0988573506474495,
  "var_I": 0.04908300359343905,
  "var_Q": 0.049172553881229444,
  "log_var_I": -3.014242463101611,
  "log_var_Q": -3.0124196590814196,
  "skew_I": -0.000946899832933765,
  "skew_Q": 0.0018434104270094469,
  "kurt_excess_I": -0.8293739786835372,
  "kurt_excess_Q": -0.8288166913583055
}