{
  "exp_dir": "C:\\Users\\rodrigo.miranda\\UFSM (rodrigo.miranda@acad.ufsm.br)\\Doutorado\\IA\\1-Data\\Dataraw\\FULLSQUARE_ORGANIZED_2026\\dist_1.5m\\curr_800mA\\full_square_1.5m_800mA_001_20260210_184553",
  "dist_m": 1.5,
  "curr_mA": 800.0,
  "regime_id": "dist_1p5m__curr_800mA",
  "n_samples": 899513,
  "skip_samples": 100000,
  "lag_samples": 487,
  "phase_rad": 0.42063865065574646,
  "p_tx": 0.6664220690727234,
  "p_rx_raw": 0.0037332710344344378,
  "p_rx_sync": 0.0037333357613533735,
  "p_rx_norm": 0.07025449723005295,
  "factor_ref": 4.337989361460874,
  "jb_p_real_residual": 2.558644787310808e-108,
  "jb_p_imag_residual": 3.2397680509697737e-111,
  "evm_pct": 73.604173,
  "evm_dB": -2.661951,
  "snr_dB": 2.661951,
  "noise_power": 0.3610391021,
  "var_I": 0.179969522,
  "var_Q": 0.1799867256,
  "log_var_I": -1.714968,
  "log_var_Q": -1.714872,
  "skew_I": -0.002646,
  "skew_Q": 0.00044,
  "kurt_excess_I": -1.092379,
  "kurt_excess_Q": -1.095243,
  "gain_dB": -9.770752
}