{
  "exp_dir": "C:\\Users\\rodrigo.miranda\\UFSM (rodrigo.miranda@acad.ufsm.br)\\Doutorado\\IA\\1-Data\\Dataraw\\FULLSQUARE_ORGANIZED_2026\\dist_1.0m\\curr_800mA\\full_square_1m_800mA_001_20260210_160754",
  "dist_m": 1.0,
  "curr_mA": 800.0,
  "regime_id": "dist_1p0m__curr_800mA",
  "n_samples": 899482,
  "skip_samples": 100000,
  "lag_samples": 518,
  "phase_rad": -2.575244426727295,
  "p_tx": 0.6672892570495605,
  "p_rx_raw": 0.012699063867330551,
  "p_rx_sync": 0.012699156999588013,
  "p_rx_norm": 0.23897463083267212,
  "factor_ref": 4.337989361460874,
  "jb_p_real_residual": 3.721094496247226e-84,
  "jb_p_imag_residual": 1.758391349805239e-80,
  "evm_pct": 44.966937,
  "evm_dB": -6.942134,
  "snr_dB": 6.942134,
  "noise_power": 0.1349275857,
  "var_I": 0.0669086374,
  "var_Q": 0.0669073532,
  "log_var_I": -2.704427,
  "log_var_Q": -2.704446,
  "skew_I": 0.002272,
  "skew_Q": 0.001186,
  "kurt_excess_I": -0.950897,
  "kurt_excess_Q": -0.951191,
  "gain_dB": -4.459623
}