{
  "exp_dir": "C:\\Users\\rodrigo.miranda\\UFSM (rodrigo.miranda@acad.ufsm.br)\\Doutorado\\IA\\1-Data\\Dataraw\\FULL_CIRCLE_ORGANIZED_2026\\dist_1.5m\\curr_600mA\\full_circle_1.5m_600mA_001_20260415_155331",
  "dataset_mode": "full_circle",
  "dist_m": 1.5,
  "curr_mA": 600.0,
  "regime_id": "dist_1p5m__curr_600mA",
  "n_samples": 900000,
  "skip_samples": 100000,
  "lag_samples": 434,
  "phase_rad": -0.7169909477233887,
  "p_tx": 0.6668198704719543,
  "p_rx_raw": 0.005242024548351765,
  "p_rx_sync": 0.0052420529536902905,
  "p_rx_norm": 0.05498550459742546,
  "factor_ref": 3.2387198587481496,
  "evm_pct": 74.75457049684469,
  "evm_dB": -2.5272449882637584,
  "snr_dB": 2.5272449882637575,
  "noise_power": 0.3726353347301483,
  "var_I": 0.18611369532593497,
  "var_Q": 0.18590532116116903,
  "log_var_I": -1.681397526822208,
  "log_var_Q": -1.682517760881879,
  "skew_I": 0.001714597651447186,
  "skew_Q": 0.0029634999728837728,
  "kurt_excess_I": -0.9522069706361598,
  "kurt_excess_Q": -0.95040536746327
}