{
  "exp_dir": "H:\\Meu Drive\\Doutorado\\IA\\1-Data\\Dataraw\\16QAM_ORGANIZED_2026\\dist_0.8m\\curr_800mA\\16QAM_0.8m_800mA_001_20260211_164005",
  "dist_m": 0.8,
  "curr_mA": 800.0,
  "regime_id": "dist_0p8m__curr_800mA",
  "n_samples": 1799502,
  "skip_samples": 200000,
  "lag_samples": 498,
  "phase_rad": -0.33276477456092834,
  "p_tx": 0.5550164580345154,
  "p_rx_raw": 0.017824092879891396,
  "p_rx_sync": 0.017824020236730576,
  "p_rx_norm": 0.3310837149620056,
  "factor_ref": 4.309891182022685,
  "jb_p_real_residual": 1.4629519238749274e-42,
  "jb_p_imag_residual": 9.1877455413361e-36,
  "evm_pct": 29.914129,
  "evm_dB": -10.482473,
  "snr_dB": 10.482473,
  "noise_power": 0.0496659316,
  "var_I": 0.0242703531,
  "var_Q": 0.0242933149,
  "log_var_I": -3.7185,
  "log_var_Q": -3.717554,
  "skew_I": -0.001214,
  "skew_Q": -0.00178,
  "kurt_excess_I": -0.654497,
  "kurt_excess_Q": -0.657187,
  "gain_dB": -2.24368
}