{
  "exp_dir": "C:\\Users\\rodrigo.miranda\\UFSM (rodrigo.miranda@acad.ufsm.br)\\Doutorado\\IA\\1-Data\\Dataraw\\FULL_CIRCLE_ORGANIZED_2026\\dist_0.8m\\curr_900mA\\full_circle_0.8m_900mA_001_20260415_153403",
  "dataset_mode": "full_circle",
  "dist_m": 0.8,
  "curr_mA": 900.0,
  "regime_id": "dist_0p8m__curr_900mA",
  "n_samples": 900000,
  "skip_samples": 100000,
  "lag_samples": 429,
  "phase_rad": 1.107818365097046,
  "p_tx": 0.6673040390014648,
  "p_rx_raw": 0.03664802387356758,
  "p_rx_sync": 0.03664746135473251,
  "p_rx_norm": 0.3844064474105835,
  "factor_ref": 3.2387198587481496,
  "evm_pct": 27.62493101658204,
  "evm_dB": -11.173975956022753,
  "snr_dB": 11.173975956022753,
  "noise_power": 0.050924427807331085,
  "var_I": 0.025128555856216133,
  "var_Q": 0.025190668814838026,
  "log_var_I": -3.6837503960012765,
  "log_var_Q": -3.6812816381627,
  "skew_I": 0.0013771361303375434,
  "skew_Q": 0.0018978749781035377,
  "kurt_excess_I": -0.6736813342017025,
  "kurt_excess_Q": -0.6771725865611429
}