{
  "exp_dir": "H:\\Meu Drive\\Doutorado\\IA\\1-Data\\Dataraw\\16QAM_ORGANIZED_2026\\dist_0.8m\\curr_600mA\\16QAM_0.8m_600mA_001_20260211_163153",
  "dist_m": 0.8,
  "curr_mA": 600.0,
  "regime_id": "dist_0p8m__curr_600mA",
  "n_samples": 1799530,
  "skip_samples": 200000,
  "lag_samples": 470,
  "phase_rad": -1.6478028297424316,
  "p_tx": 0.5557391047477722,
  "p_rx_raw": 0.021067334339022636,
  "p_rx_sync": 0.02106744982302189,
  "p_rx_norm": 0.3913313150405884,
  "factor_ref": 4.309891182022685,
  "jb_p_real_residual": 2.682981029702066e-15,
  "jb_p_imag_residual": 6.854907115751103e-18,
  "evm_pct": 24.594087,
  "evm_dB": -12.183386,
  "snr_dB": 12.183386,
  "noise_power": 0.0336149409,
  "var_I": 0.0162763921,
  "var_Q": 0.0162588376,
  "log_var_I": -4.11804,
  "log_var_Q": -4.119119,
  "skew_I": -0.000337,
  "skew_Q": -0.001035,
  "kurt_excess_I": -0.399767,
  "kurt_excess_Q": -0.403074,
  "gain_dB": -1.523264
}