{
  "exp_dir": "C:\\Users\\rodrigo.miranda\\UFSM (rodrigo.miranda@acad.ufsm.br)\\Doutorado\\IA\\1-Data\\Dataraw\\FULLSQUARE_ORGANIZED_2026\\dist_1.0m\\curr_600mA\\full_square_1m_600mA_001_20260210_155942",
  "dist_m": 1.0,
  "curr_mA": 600.0,
  "regime_id": "dist_1p0m__curr_600mA",
  "n_samples": 899501,
  "skip_samples": 100000,
  "lag_samples": 499,
  "phase_rad": -0.47123661637306213,
  "p_tx": 0.667030394077301,
  "p_rx_raw": 0.015095041133463383,
  "p_rx_sync": 0.0150950001552701,
  "p_rx_norm": 0.2840600311756134,
  "factor_ref": 4.337989361460874,
  "jb_p_real_residual": 4.525586333740141e-75,
  "jb_p_imag_residual": 3.6031031823894678e-68,
  "evm_pct": 39.864298,
  "evm_dB": -7.988318,
  "snr_dB": 7.988318,
  "noise_power": 0.1060019508,
  "var_I": 0.0524480037,
  "var_Q": 0.0524078629,
  "log_var_I": -2.947933,
  "log_var_Q": -2.948699,
  "skew_I": -0.000978,
  "skew_Q": 0.000802,
  "kurt_excess_I": -0.880687,
  "kurt_excess_Q": -0.881843,
  "gain_dB": -3.707355
}