{
  "exp_dir": "H:\\Meu Drive\\Doutorado\\IA\\1-Data\\Dataraw\\16QAM_ORGANIZED_2026\\dist_0.8m\\curr_500mA\\16QAM_0.8m_500mA_001_20260211_162747",
  "dist_m": 0.8,
  "curr_mA": 500.0,
  "regime_id": "dist_0p8m__curr_500mA",
  "n_samples": 1799763,
  "skip_samples": 200000,
  "lag_samples": 237,
  "phase_rad": 1.484435796737671,
  "p_tx": 0.5556207299232483,
  "p_rx_raw": 0.022719232365489006,
  "p_rx_sync": 0.02271946333348751,
  "p_rx_norm": 0.4220176041126251,
  "factor_ref": 4.309891182022685,
  "jb_p_real_residual": 1.1319179164705203e-06,
  "jb_p_imag_residual": 4.392915077171031e-11,
  "evm_pct": 22.336819,
  "evm_dB": -13.019573,
  "snr_dB": 13.019573,
  "noise_power": 0.0277217794,
  "var_I": 0.0132947854,
  "var_Q": 0.013313731,
  "log_var_I": -4.320383,
  "log_var_Q": -4.318959,
  "skew_I": -0.001235,
  "skew_Q": 0.001316,
  "kurt_excess_I": -0.26654,
  "kurt_excess_Q": -0.26343,
  "gain_dB": -1.194479
}