{
  "exp_dir": "C:\\Users\\rodrigo.miranda\\UFSM (rodrigo.miranda@acad.ufsm.br)\\Doutorado\\IA\\1-Data\\Dataraw\\FULL_CIRCLE_ORGANIZED_2026\\dist_1.5m\\curr_400mA\\full_circle_1.5m_400mA_001_20260415_155122",
  "dataset_mode": "full_circle",
  "dist_m": 1.5,
  "curr_mA": 400.0,
  "regime_id": "dist_1p5m__curr_400mA",
  "n_samples": 900000,
  "skip_samples": 100000,
  "lag_samples": 212,
  "phase_rad": -2.289105176925659,
  "p_tx": 0.667654275894165,
  "p_rx_raw": 0.0062059080228209496,
  "p_rx_sync": 0.006205987185239792,
  "p_rx_norm": 0.06509650498628616,
  "factor_ref": 3.2387198587481496,
  "evm_pct": 72.1286490114493,
  "evm_dB": -2.8378440436705827,
  "snr_dB": 2.837844043670583,
  "noise_power": 0.34734994173049927,
  "var_I": 0.17344560491089941,
  "var_Q": 0.17329184508685083,
  "log_var_I": -1.751891245115445,
  "log_var_Q": -1.752778139992986,
  "skew_I": -0.0032864306653717116,
  "skew_Q": 0.0012248473481908115,
  "kurt_excess_I": -0.9511804788054126,
  "kurt_excess_Q": -0.9485108623943348
}