{
  "exp_dir": "C:\\Users\\rodrigo.miranda\\UFSM (rodrigo.miranda@acad.ufsm.br)\\Doutorado\\IA\\1-Data\\Dataraw\\FULL_CIRCLE_ORGANIZED_2026\\dist_0.8m\\curr_300mA\\full_circle_0.8m_300mA_001_20260415_152735",
  "dataset_mode": "full_circle",
  "dist_m": 0.8,
  "curr_mA": 300.0,
  "regime_id": "dist_0p8m__curr_300mA",
  "n_samples": 900000,
  "skip_samples": 100000,
  "lag_samples": 451,
  "phase_rad": -0.5758758187294006,
  "p_tx": 0.6672962307929993,
  "p_rx_raw": 0.06361588835716248,
  "p_rx_sync": 0.0636168122291565,
  "p_rx_norm": 0.667296290397644,
  "factor_ref": 3.2387198587481496,
  "evm_pct": 12.155432529460112,
  "evm_dB": -18.30459165897041,
  "snr_dB": 18.30459165897041,
  "noise_power": 0.009859604761004448,
  "var_I": 0.004610705279013962,
  "var_Q": 0.004620770234131252,
  "log_var_I": -5.379374444735072,
  "log_var_Q": -5.3771938704398545,
  "skew_I": 0.001270941027776951,
  "skew_Q": 0.006074248863508817,
  "kurt_excess_I": 0.08214759667447025,
  "kurt_excess_Q": 0.0137688470320243
}