{
  "exp_dir": "H:\\Meu Drive\\Doutorado\\IA\\1-Data\\Dataraw\\16QAM_ORGANIZED_2026\\dist_1.5m\\curr_300mA\\16QAM_1.5m_300mA_001_20260210_190343",
  "dist_m": 1.5,
  "curr_mA": 300.0,
  "regime_id": "dist_1p5m__curr_300mA",
  "n_samples": 1799514,
  "skip_samples": 200000,
  "lag_samples": 486,
  "phase_rad": 0.5260369777679443,
  "p_tx": 0.5554160475730896,
  "p_rx_raw": 0.004212706815451384,
  "p_rx_sync": 0.004212735220789909,
  "p_rx_norm": 0.07825223356485367,
  "factor_ref": 4.309891182022685,
  "jb_p_real_residual": 2.2768280097420476e-129,
  "jb_p_imag_residual": 3.1868383157086743e-134,
  "evm_pct": 68.762984,
  "evm_dB": -3.252906,
  "snr_dB": 3.252906,
  "noise_power": 0.2626200318,
  "var_I": 0.1307267778,
  "var_Q": 0.130817544,
  "log_var_I": -2.034646,
  "log_var_Q": -2.033952,
  "skew_I": -0.000326,
  "skew_Q": -0.000269,
  "kurt_excess_I": -1.206041,
  "kurt_excess_Q": -1.206513,
  "gain_dB": -8.511217
}